{
  "checkpoint": "artifacts/mini_l3_tcn_loss-B-planA.pt",
  "f_overall_drskit_train_fixed": 0.10409546995366893,
  "f_overall_drskit_train_tuned": 0.05128990179322098,
  "f_overall_shittykit_fixed": 0.07617484871364959,
  "f_overall_shittykit_tuned": 0.053939702044182025,
  "fixed_threshold": 0.02,
  "n_drskit_train_samples_eval": 30,
  "n_shittykit_val_samples": 115,
  "per_bus_drskit_train_fixed": {
    "crash_a": {
      "f_aggregate": null,
      "f_max_sample": null,
      "f_mean_sample": null,
      "fn": 0,
      "fp": 37,
      "fp_to_fn_ratio": null,
      "n_samples_with_bus": 0,
      "precision": 0.0,
      "recall": null,
      "tp": 0
    },
    "crash_b_misc": {
      "f_aggregate": 0.008565310492505352,
      "f_max_sample": 0.08695652173913043,
      "f_mean_sample": 0.08514492753623187,
      "fn": 34,
      "fp": 429,
      "fp_to_fn_ratio": 12.617647058823529,
      "n_samples_with_bus": 2,
      "precision": 0.004640371229698376,
      "recall": 0.05555555555555555,
      "tp": 2
    },
    "floor": {
      "f_aggregate": 0.004573668735707285,
      "f_max_sample": 0.0427807486631016,
      "f_mean_sample": 0.017454258796870663,
      "fn": 58,
      "fp": 6036,
      "fp_to_fn_ratio": 104.06896551724138,
      "n_samples_with_bus": 7,
      "precision": 0.0023140495867768596,
      "recall": 0.19444444444444445,
      "tp": 14
    },
    "hihat": {
      "f_aggregate": 0.02447231569287244,
      "f_max_sample": 0.13636363636363635,
      "f_mean_sample": 0.06767155242091945,
      "fn": 58,
      "fp": 6320,
      "fp_to_fn_ratio": 108.96551724137932,
      "n_samples_with_bus": 10,
      "precision": 0.0125,
      "recall": 0.5797101449275363,
      "tp": 80
    },
    "kick": {
      "f_aggregate": 0.06039850560398507,
      "f_max_sample": 0.1853658536585366,
      "f_mean_sample": 0.07055575219767313,
      "fn": 182,
      "fp": 5854,
      "fp_to_fn_ratio": 32.16483516483517,
      "n_samples_with_bus": 26,
      "precision": 0.03207671957671958,
      "recall": 0.5159574468085106,
      "tp": 194
    },
    "ride": {
      "f_aggregate": 0.048564447159437994,
      "f_max_sample": 0.17924528301886794,
      "f_mean_sample": 0.10887041860037672,
      "fn": 104,
      "fp": 6126,
      "fp_to_fn_ratio": 58.90384615384615,
      "n_samples_with_bus": 14,
      "precision": 0.025298329355608593,
      "recall": 0.6045627376425855,
      "tp": 159
    },
    "snare": {
      "f_aggregate": 0.09552238805970151,
      "f_max_sample": 0.2682926829268293,
      "f_mean_sample": 0.11089411019693489,
      "fn": 299,
      "fp": 6367,
      "fp_to_fn_ratio": 21.294314381270905,
      "n_samples_with_bus": 26,
      "precision": 0.0523887483256437,
      "recall": 0.5407066052227343,
      "tp": 352
    },
    "tom_hi_mid": {
      "f_aggregate": 0.02948402948402948,
      "f_max_sample": 0.13333333333333333,
      "f_mean_sample": 0.10083735909822866,
      "fn": 181,
      "fp": 609,
      "fp_to_fn_ratio": 3.3646408839779007,
      "n_samples_with_bus": 4,
      "precision": 0.01932367149758454,
      "recall": 0.06217616580310881,
      "tp": 12
    }
  },
  "per_bus_drskit_train_tuned": {
    "crash_a": {
      "f_aggregate": null,
      "f_max_sample": 0.0,
      "f_mean_sample": 0.0,
      "fn": 0,
      "fp": 21,
      "fp_to_fn_ratio": null,
      "n_samples_with_bus": 21,
      "precision": 0.0,
      "recall": null,
      "tp": 0
    },
    "crash_b_misc": {
      "f_aggregate": 0.04938271604938271,
      "f_max_sample": 0.22222222222222224,
      "f_mean_sample": 0.01646090534979424,
      "fn": 12,
      "fp": 65,
      "fp_to_fn_ratio": 5.416666666666667,
      "n_samples_with_bus": 27,
      "precision": 0.029850746268656716,
      "recall": 0.14285714285714285,
      "tp": 2
    },
    "floor": {
      "f_aggregate": 0.01244296972210701,
      "f_max_sample": 0.058139534883720936,
      "f_mean_sample": 0.0050668490585116,
      "fn": 2,
      "fp": 2379,
      "fp_to_fn_ratio": 1189.5,
      "n_samples_with_bus": 30,
      "precision": 0.006265664160401002,
      "recall": 0.8823529411764706,
      "tp": 15
    },
    "hihat": {
      "f_aggregate": 0.032718412808910545,
      "f_max_sample": 1.0,
      "f_mean_sample": 0.09713250230570984,
      "fn": 38,
      "fp": 2741,
      "fp_to_fn_ratio": 72.13157894736842,
      "n_samples_with_bus": 27,
      "precision": 0.01685796269727403,
      "recall": 0.5529411764705883,
      "tp": 47
    },
    "kick": {
      "f_aggregate": 0.1452513966480447,
      "f_max_sample": 0.273972602739726,
      "f_mean_sample": 0.11133662232455296,
      "fn": 155,
      "fp": 457,
      "fp_to_fn_ratio": 2.9483870967741934,
      "n_samples_with_bus": 30,
      "precision": 0.10216110019646366,
      "recall": 0.25120772946859904,
      "tp": 52
    },
    "ride": {
      "f_aggregate": 0.08797653958944282,
      "f_max_sample": 0.22222222222222218,
      "f_mean_sample": 0.04209995208111969,
      "fn": 134,
      "fp": 488,
      "fp_to_fn_ratio": 3.6417910447761193,
      "n_samples_with_bus": 27,
      "precision": 0.05791505791505792,
      "recall": 0.18292682926829268,
      "tp": 30
    },
    "snare": {
      "f_aggregate": 0.09152915291529153,
      "f_max_sample": 0.33333333333333337,
      "f_mean_sample": 0.11002700646124011,
      "fn": 148,
      "fp": 3981,
      "fp_to_fn_ratio": 26.89864864864865,
      "n_samples_with_bus": 30,
      "precision": 0.049653855335402244,
      "recall": 0.5842696629213483,
      "tp": 208
    },
    "tom_hi_mid": {
      "f_aggregate": 0.012698412698412698,
      "f_max_sample": 0.07692307692307691,
      "f_mean_sample": 0.004945054945054944,
      "fn": 107,
      "fp": 204,
      "fp_to_fn_ratio": 1.9065420560747663,
      "n_samples_with_bus": 30,
      "precision": 0.009708737864077669,
      "recall": 0.01834862385321101,
      "tp": 2
    }
  },
  "per_bus_shittykit_val_fixed": {
    "crash_a": {
      "f_aggregate": null,
      "f_max_sample": null,
      "f_mean_sample": null,
      "fn": 2,
      "fp": 141,
      "fp_to_fn_ratio": 70.5,
      "n_samples_with_bus": 0,
      "precision": 0.0,
      "recall": 0.0,
      "tp": 0
    },
    "crash_b_misc": {
      "f_aggregate": 0.000983767830791933,
      "f_max_sample": 0.1,
      "f_mean_sample": 0.1,
      "fn": 98,
      "fp": 1933,
      "fp_to_fn_ratio": 19.724489795918366,
      "n_samples_with_bus": 1,
      "precision": 0.000517063081695967,
      "recall": 0.010101010101010102,
      "tp": 1
    },
    "floor": {
      "f_aggregate": 0.023804552098559202,
      "f_max_sample": 0.2192982456140351,
      "f_mean_sample": 0.05013045120828064,
      "fn": 284,
      "fp": 23091,
      "fp_to_fn_ratio": 81.30633802816901,
      "n_samples_with_bus": 54,
      "precision": 0.012191991786447639,
      "recall": 0.5008787346221442,
      "tp": 285
    },
    "hihat": {
      "f_aggregate": 0.0289738430583501,
      "f_max_sample": 0.1724137931034483,
      "f_mean_sample": 0.052291227974807834,
      "fn": 293,
      "fp": 23837,
      "fp_to_fn_ratio": 81.35494880546075,
      "n_samples_with_bus": 63,
      "precision": 0.01487787742282101,
      "recall": 0.5513016845329249,
      "tp": 360
    },
    "kick": {
      "f_aggregate": 0.03893718623729644,
      "f_max_sample": 0.18274111675126906,
      "f_mean_sample": 0.053245851662125705,
      "fn": 514,
      "fp": 23033,
      "fp_to_fn_ratio": 44.811284046692606,
      "n_samples_with_bus": 87,
      "precision": 0.020289238621863038,
      "recall": 0.48133198789101916,
      "tp": 477
    },
    "ride": {
      "f_aggregate": 0.02336072176574835,
      "f_max_sample": 0.19095477386934673,
      "f_mean_sample": 0.10109743263229319,
      "fn": 248,
      "fp": 24000,
      "fp_to_fn_ratio": 96.7741935483871,
      "n_samples_with_bus": 27,
      "precision": 0.011939069575957185,
      "recall": 0.5390334572490706,
      "tp": 290
    },
    "snare": {
      "f_aggregate": 0.08620441112873,