{
  "checkpoint": "artifacts/mini_l3_tcn_c128_B-planA.pt",
  "f_overall_drskit_train_fixed": 0.10379985468146798,
  "f_overall_drskit_train_tuned": 0.06386510453800116,
  "f_overall_shittykit_fixed": 0.069160514041794,
  "f_overall_shittykit_tuned": 0.05697344168561493,
  "fixed_threshold": 0.01,
  "n_drskit_train_samples_eval": 30,
  "n_shittykit_val_samples": 115,
  "per_bus_drskit_train_fixed": {
    "crash_a": {
      "f_aggregate": null,
      "f_max_sample": null,
      "f_mean_sample": null,
      "fn": 0,
      "fp": 759,
      "fp_to_fn_ratio": null,
      "n_samples_with_bus": 0,
      "precision": 0.0,
      "recall": null,
      "tp": 0
    },
    "crash_b_misc": {
      "f_aggregate": 0.003424657534246575,
      "f_max_sample": 0.04081632653061224,
      "f_mean_sample": 0.03963893249607535,
      "fn": 34,
      "fp": 1130,
      "fp_to_fn_ratio": 33.23529411764706,
      "n_samples_with_bus": 2,
      "precision": 0.0017667844522968198,
      "recall": 0.05555555555555555,
      "tp": 2
    },
    "floor": {
      "f_aggregate": 0.00476457399103139,
      "f_max_sample": 0.04566210045662101,
      "f_mean_sample": 0.01882411494964135,
      "fn": 55,
      "fp": 7047,
      "fp_to_fn_ratio": 128.12727272727273,
      "n_samples_with_bus": 7,
      "precision": 0.002406568516421291,
      "recall": 0.2361111111111111,
      "tp": 17
    },
    "hihat": {
      "f_aggregate": 0.023014313780522034,
      "f_max_sample": 0.13389121338912133,
      "f_mean_sample": 0.06293927086001036,
      "fn": 56,
      "fp": 6906,
      "fp_to_fn_ratio": 123.32142857142857,
      "n_samples_with_bus": 10,
      "precision": 0.011734401831711505,
      "recall": 0.5942028985507246,
      "tp": 82
    },
    "kick": {
      "f_aggregate": 0.049741442994336374,
      "f_max_sample": 0.2,
      "f_mean_sample": 0.06524496590581162,
      "fn": 275,
      "fp": 3584,
      "fp_to_fn_ratio": 13.032727272727273,
      "n_samples_with_bus": 21,
      "precision": 0.027408412483039348,
      "recall": 0.26861702127659576,
      "tp": 101
    },
    "ride": {
      "f_aggregate": 0.04699121027721433,
      "f_max_sample": 0.18823529411764706,
      "f_mean_sample": 0.10649921898141333,
      "fn": 124,
      "fp": 5514,
      "fp_to_fn_ratio": 44.46774193548387,
      "n_samples_with_bus": 14,
      "precision": 0.024588713957190873,
      "recall": 0.5285171102661597,
      "tp": 139
    },
    "snare": {
      "f_aggregate": 0.0927698032961191,
      "f_max_sample": 0.2689075630252101,
      "f_mean_sample": 0.1096993357703723,
      "fn": 302,
      "fp": 6524,
      "fp_to_fn_ratio": 21.602649006622517,
      "n_samples_with_bus": 26,
      "precision": 0.05077840826422232,
      "recall": 0.5360983102918587,
      "tp": 349
    },
    "tom_hi_mid": {
      "f_aggregate": 0.03258655804480652,
      "f_max_sample": 0.25274725274725274,
      "f_mean_sample": 0.10353280255956655,
      "fn": 121,
      "fp": 4154,
      "fp_to_fn_ratio": 34.33057851239669,
      "n_samples_with_bus": 8,
      "precision": 0.017037387600567912,
      "recall": 0.37305699481865284,
      "tp": 72
    }
  },
  "per_bus_drskit_train_tuned": {
    "crash_a": {
      "f_aggregate": null,
      "f_max_sample": 0.0,
      "f_mean_sample": 0.0,
      "fn": 0,
      "fp": 21,
      "fp_to_fn_ratio": null,
      "n_samples_with_bus": 7,
      "precision": 0.0,
      "recall": null,
      "tp": 0
    },
    "crash_b_misc": {
      "f_aggregate": 0.04395604395604396,
      "f_max_sample": 0.2,
      "f_mean_sample": 0.03471074380165289,
      "fn": 12,
      "fp": 75,
      "fp_to_fn_ratio": 6.25,
      "n_samples_with_bus": 11,
      "precision": 0.025974025974025976,
      "recall": 0.14285714285714285,
      "tp": 2
    },
    "floor": {
      "f_aggregate": 0.006389776357827476,
      "f_max_sample": 0.03680981595092025,
      "f_mean_sample": 0.0022449287410509777,
      "fn": 13,
      "fp": 1231,
      "fp_to_fn_ratio": 94.6923076923077,
      "n_samples_with_bus": 22,
      "precision": 0.0032388663967611335,
      "recall": 0.23529411764705882,
      "tp": 4
    },
    "hihat": {
      "f_aggregate": 0.029958677685950414,
      "f_max_sample": 1.0,
      "f_mean_sample": 0.1085387037610258,
      "fn": 56,
      "fp": 1822,
      "fp_to_fn_ratio": 32.535714285714285,
      "n_samples_with_bus": 24,
      "precision": 0.015667206915180983,
      "recall": 0.3411764705882353,
      "tp": 29
    },
    "kick": {
      "f_aggregate": 0.05947955390334572,
      "f_max_sample": 0.1818181818181818,
      "f_mean_sample": 0.06567646366229361,
      "fn": 191,
      "fp": 315,
      "fp_to_fn_ratio": 1.649214659685864,
      "n_samples_with_bus": 26,
      "precision": 0.04833836858006042,
      "recall": 0.07729468599033816,
      "tp": 16
    },
    "ride": {
      "f_aggregate": 0.04,
      "f_max_sample": 0.16216216216216214,
      "f_mean_sample": 0.028664089190404977,
      "fn": 155,
      "fp": 277,
      "fp_to_fn_ratio": 1.7870967741935484,
      "n_samples_with_bus": 24,
      "precision": 0.03146853146853147,
      "recall": 0.054878048780487805,
      "tp": 9
    },
    "snare": {
      "f_aggregate": 0.059675036927621855,
      "f_max_sample": 0.3076923076923077,
      "f_mean_sample": 0.09164266680322079,
      "fn": 255,
      "fp": 2928,
      "fp_to_fn_ratio": 11.48235294117647,
      "n_samples_with_bus": 30,
      "precision": 0.03334433806536811,
      "recall": 0.28370786516853935,
      "tp": 101
    },
    "tom_hi_mid": {
      "f_aggregate": 0.03678929765886287,
      "f_max_sample": 0.1904761904761905,
      "f_mean_sample": 0.018574722379070208,
      "fn": 98,
      "fp": 478,
      "fp_to_fn_ratio": 4.877551020408164,
      "n_samples_with_bus": 23,
      "precision": 0.022494887525562373,
      "recall": 0.10091743119266056,
      "tp": 11
    }
  },
  "per_bus_shittykit_val_fixed": {
    "crash_a": {
      "f_aggregate": null,
      "f_max_sample": null,
      "f_mean_sample": null,
      "fn": 2,
      "fp": 3534,
      "fp_to_fn_ratio": 1767.0,
      "n_samples_with_bus": 0,
      "precision": 0.0,
      "recall": 0.0,
      "tp": 0
    },
    "crash_b_misc": {
      "f_aggregate": 0.00087527352297593,
      "f_max_sample": 0.047619047619047616,
      "f_mean_sample": 0.042328042328042326,
      "fn": 97,
      "fp": 4469,
      "fp_to_fn_ratio": 46.07216494845361,
      "n_samples_with_bus": 2,
      "precision": 0.00044732721986132855,
      "recall": 0.020202020202020204,
      "tp": 2
    },
    "floor": {
      "f_aggregate": 0.02068303777675113,
      "f_max_sample": 0.19157088122605365,
      "f_mean_sample": 0.043936544860198795,
      "fn": 278,
      "fp": 27279,
      "fp_to_fn_ratio": 98.12589928057554,
      "n_samples_with_bus": 54,
      "precision": 0.010554951033732317,
      "recall": 0.5114235500878734,
      "tp": 291
    },
    "hihat": {
      "f_aggregate": 0.026414821247647994,
      "f_max_sample": 0.16666666666666669,
      "f_mean_sample": 0.04703124150277088,
      "fn": 288,
      "fp": 26618,
      "fp_to_fn_ratio": 92.42361111111111,
      "n_samples_with_bus": 63,
      "precision": 0.01352703554089612,
      "recall": 0.55895865237366,
      "tp": 365
    },
    "kick": {
      "f_aggregate": 0.032854474006313215,
      "f_max_sample": 0.18934911242603553,
      "f_mean_sample": 0.04991521561618596,
      "fn": 736,
      "fp": 14277,
      "fp_to_fn_ratio": 19.398097826086957,
      "n_samples_with_bus": 72,
      "precision": 0.01754748142031379,
      "recall": 0.25731584258324924,
      "tp": 255
    },
    "ride": {
      "f_aggregate": 0.020836738029089724,
      "f_max_sample": 0.18181818181818182,
      "f_mean_sample": 0.09354444990365529,
      "fn": 283,
      "fp": 23683,
      "fp_to_fn_ratio": 83.68551236749117,
      "n_samples_with_bus": 27,
      "precision": 0.010652519007435876,
      "recall": 0.4739776951672863,
      "tp": 255
    },
    "snare": {
      "f_aggregate": 0.08276962569813022,