{
  "checkpoint": "artifacts/mini_l3_tcn_loss-B-planA.pt",
  "f_overall_drskit_train_fixed": 0.13439656870573155,
  "f_overall_drskit_train_tuned": 0.05128990179322098,
  "f_overall_shittykit_fixed": 0.10958208541477749,
  "f_overall_shittykit_tuned": 0.053939702044182025,
  "fixed_threshold": 0.15,
  "n_drskit_train_samples_eval": 30,
  "n_shittykit_val_samples": 115,
  "per_bus_drskit_train_fixed": {
    "crash_a": {
      "f_aggregate": null,
      "f_max_sample": null,
      "f_mean_sample": null,
      "fn": 0,
      "fp": 30,
      "fp_to_fn_ratio": null,
      "n_samples_with_bus": 0,
      "precision": 0.0,
      "recall": null,
      "tp": 0
    },
    "crash_b_misc": {
      "f_aggregate": null,
      "f_max_sample": null,
      "f_mean_sample": null,
      "fn": 36,
      "fp": 43,
      "fp_to_fn_ratio": 1.1944444444444444,
      "n_samples_with_bus": 0,
      "precision": 0.0,
      "recall": 0.0,
      "tp": 0
    },
    "floor": {
      "f_aggregate": null,
      "f_max_sample": null,
      "f_mean_sample": null,
      "fn": 72,
      "fp": 649,
      "fp_to_fn_ratio": 9.01388888888889,
      "n_samples_with_bus": 0,
      "precision": 0.0,
      "recall": 0.0,
      "tp": 0
    },
    "hihat": {
      "f_aggregate": 0.02907580477673936,
      "f_max_sample": 0.21428571428571427,
      "f_mean_sample": 0.1166568596146061,
      "fn": 124,
      "fp": 811,
      "fp_to_fn_ratio": 6.540322580645161,
      "n_samples_with_bus": 6,
      "precision": 0.01696969696969697,
      "recall": 0.10144927536231885,
      "tp": 14
    },
    "kick": {
      "f_aggregate": 0.018404907975460124,
      "f_max_sample": 0.13333333333333333,
      "f_mean_sample": 0.09480520380651376,
      "fn": 370,
      "fp": 270,
      "fp_to_fn_ratio": 0.7297297297297297,
      "n_samples_with_bus": 6,
      "precision": 0.021739130434782608,
      "recall": 0.015957446808510637,
      "tp": 6
    },
    "ride": {
      "f_aggregate": 0.012711864406779664,
      "f_max_sample": 0.15384615384615385,
      "f_mean_sample": 0.11315073815073816,
      "fn": 260,
      "fp": 206,
      "fp_to_fn_ratio": 0.7923076923076923,
      "n_samples_with_bus": 3,
      "precision": 0.014354066985645933,
      "recall": 0.011406844106463879,
      "tp": 3
    },
    "snare": {
      "f_aggregate": 0.10915905364253925,
      "f_max_sample": 0.3243243243243243,
      "f_mean_sample": 0.13114698022521185,
      "fn": 418,
      "fp": 3385,
      "fp_to_fn_ratio": 8.098086124401913,
      "n_samples_with_bus": 23,
      "precision": 0.06440022111663903,
      "recall": 0.3579109062980031,
      "tp": 233
    },
    "tom_hi_mid": {
      "f_aggregate": 0.024844720496894408,
      "f_max_sample": 0.09090909090909091,
      "f_mean_sample": 0.08249158249158248,
      "fn": 189,
      "fp": 125,
      "fp_to_fn_ratio": 0.6613756613756614,
      "n_samples_with_bus": 2,
      "precision": 0.031007751937984496,
      "recall": 0.02072538860103627,
      "tp": 4
    }
  },
  "per_bus_drskit_train_tuned": {
    "crash_a": {
      "f_aggregate": null,
      "f_max_sample": 0.0,
      "f_mean_sample": 0.0,
      "fn": 0,
      "fp": 21,
      "fp_to_fn_ratio": null,
      "n_samples_with_bus": 21,
      "precision": 0.0,
      "recall": null,
      "tp": 0
    },
    "crash_b_misc": {
      "f_aggregate": 0.04938271604938271,
      "f_max_sample": 0.22222222222222224,
      "f_mean_sample": 0.01646090534979424,
      "fn": 12,
      "fp": 65,
      "fp_to_fn_ratio": 5.416666666666667,
      "n_samples_with_bus": 27,
      "precision": 0.029850746268656716,
      "recall": 0.14285714285714285,
      "tp": 2
    },
    "floor": {
      "f_aggregate": 0.01244296972210701,
      "f_max_sample": 0.058139534883720936,
      "f_mean_sample": 0.0050668490585116,
      "fn": 2,
      "fp": 2379,
      "fp_to_fn_ratio": 1189.5,
      "n_samples_with_bus": 30,
      "precision": 0.006265664160401002,
      "recall": 0.8823529411764706,
      "tp": 15
    },
    "hihat": {
      "f_aggregate": 0.032718412808910545,
      "f_max_sample": 1.0,
      "f_mean_sample": 0.09713250230570984,
      "fn": 38,
      "fp": 2741,
      "fp_to_fn_ratio": 72.13157894736842,
      "n_samples_with_bus": 27,
      "precision": 0.01685796269727403,
      "recall": 0.5529411764705883,
      "tp": 47
    },
    "kick": {
      "f_aggregate": 0.1452513966480447,
      "f_max_sample": 0.273972602739726,
      "f_mean_sample": 0.11133662232455296,
      "fn": 155,
      "fp": 457,
      "fp_to_fn_ratio": 2.9483870967741934,
      "n_samples_with_bus": 30,
      "precision": 0.10216110019646366,
      "recall": 0.25120772946859904,
      "tp": 52
    },
    "ride": {
      "f_aggregate": 0.08797653958944282,
      "f_max_sample": 0.22222222222222218,
      "f_mean_sample": 0.04209995208111969,
      "fn": 134,
      "fp": 488,
      "fp_to_fn_ratio": 3.6417910447761193,
      "n_samples_with_bus": 27,
      "precision": 0.05791505791505792,
      "recall": 0.18292682926829268,
      "tp": 30
    },
    "snare": {
      "f_aggregate": 0.09152915291529153,
      "f_max_sample": 0.33333333333333337,
      "f_mean_sample": 0.11002700646124011,
      "fn": 148,
      "fp": 3981,
      "fp_to_fn_ratio": 26.89864864864865,
      "n_samples_with_bus": 30,
      "precision": 0.049653855335402244,
      "recall": 0.5842696629213483,
      "tp": 208
    },
    "tom_hi_mid": {
      "f_aggregate": 0.012698412698412698,
      "f_max_sample": 0.07692307692307691,
      "f_mean_sample": 0.004945054945054944,
      "fn": 107,
      "fp": 204,
      "fp_to_fn_ratio": 1.9065420560747663,
      "n_samples_with_bus": 30,
      "precision": 0.009708737864077669,
      "recall": 0.01834862385321101,
      "tp": 2
    }
  },
  "per_bus_shittykit_val_fixed": {
    "crash_a": {
      "f_aggregate": null,
      "f_max_sample": null,
      "f_mean_sample": null,
      "fn": 2,
      "fp": 115,
      "fp_to_fn_ratio": 57.5,
      "n_samples_with_bus": 0,
      "precision": 0.0,
      "recall": 0.0,
      "tp": 0
    },
    "crash_b_misc": {
      "f_aggregate": null,
      "f_max_sample": null,
      "f_mean_sample": null,
      "fn": 99,
      "fp": 205,
      "fp_to_fn_ratio": 2.0707070707070705,
      "n_samples_with_bus": 0,
      "precision": 0.0,
      "recall": 0.0,
      "tp": 0
    },
    "floor": {
      "f_aggregate": 0.03518518518518518,
      "f_max_sample": 0.21333333333333332,
      "f_mean_sample": 0.09628441378355966,
      "fn": 512,
      "fp": 2614,
      "fp_to_fn_ratio": 5.10546875,
      "n_samples_with_bus": 25,
      "precision": 0.02134032197678772,
      "recall": 0.10017574692442882,
      "tp": 57
    },
    "hihat": {
      "f_aggregate": 0.039394804453325716,
      "f_max_sample": 0.23684210526315788,
      "f_mean_sample": 0.0983525612572965,
      "fn": 584,
      "fp": 2781,
      "fp_to_fn_ratio": 4.761986301369863,
      "n_samples_with_bus": 30,
      "precision": 0.024210526315789474,
      "recall": 0.10566615620214395,
      "tp": 69
    },
    "kick": {
      "f_aggregate": 0.012235817575083427,
      "f_max_sample": 0.22222222222222224,
      "f_mean_sample": 0.11504404695194168,
      "fn": 980,
      "fp": 796,
      "fp_to_fn_ratio": 0.8122448979591836,
      "n_samples_with_bus": 8,
      "precision": 0.013630731102850062,
      "recall": 0.011099899091826439,
      "tp": 11
    },
    "ride": {
      "f_aggregate": 0.0014419610670511895,
      "f_max_sample": 0.06666666666666667,
      "f_mean_sample": 0.06666666666666667,
      "fn": 537,
      "fp": 848,
      "fp_to_fn_ratio": 1.5791433891992552,
      "n_samples_with_bus": 1,
      "precision": 0.001177856301531213,
      "recall": 0.0018587360594795538,
      "tp": 1
    },
    "snare": {
      "f_aggregate": 0.09230012904811652,
      "f_max_sample": 0.37804878048780494,
      "f_mean_sample": 0.10812624509244534,
      "fn": 1311,
      "fp": 13460,
      "fp_to_fn_ratio": 10.26697177726926,
      "n_samples_with_bus": 91,