{
  "checkpoint": "artifacts/mini_l3_tcn_loss-G.pt",
  "f_overall_drskit_train_fixed": 0.10603387099031944,
  "f_overall_drskit_train_tuned": 0.05132075077564476,
  "f_overall_shittykit_fixed": 0.08233187717076527,
  "f_overall_shittykit_tuned": 0.04959336770231017,
  "fixed_threshold": 0.1,
  "n_drskit_train_samples_eval": 30,
  "n_shittykit_val_samples": 115,
  "per_bus_drskit_train_fixed": {
    "crash_a": {
      "f_aggregate": null,
      "f_max_sample": null,
      "f_mean_sample": null,
      "fn": 0,
      "fp": 0,
      "fp_to_fn_ratio": null,
      "n_samples_with_bus": 0,
      "precision": null,
      "recall": null,
      "tp": 0
    },
    "crash_b_misc": {
      "f_aggregate": null,
      "f_max_sample": null,
      "f_mean_sample": null,
      "fn": 36,
      "fp": 92,
      "fp_to_fn_ratio": 2.5555555555555554,
      "n_samples_with_bus": 0,
      "precision": 0.0,
      "recall": 0.0,
      "tp": 0
    },
    "floor": {
      "f_aggregate": 0.005102908657935022,
      "f_max_sample": 0.053763440860215055,
      "f_mean_sample": 0.02028886837797791,
      "fn": 57,
      "fp": 5792,
      "fp_to_fn_ratio": 101.6140350877193,
      "n_samples_with_bus": 7,
      "precision": 0.0025830893748923713,
      "recall": 0.20833333333333334,
      "tp": 15
    },
    "hihat": {
      "f_aggregate": 0.026410564225690276,
      "f_max_sample": 0.1507537688442211,
      "f_mean_sample": 0.07328510881177744,
      "fn": 61,
      "fp": 5616,
      "fp_to_fn_ratio": 92.06557377049181,
      "n_samples_with_bus": 10,
      "precision": 0.01352538204812928,
      "recall": 0.5579710144927537,
      "tp": 77
    },
    "kick": {
      "f_aggregate": 0.026755852842809364,
      "f_max_sample": 0.0851063829787234,
      "f_mean_sample": 0.06699941259547015,
      "fn": 364,
      "fp": 509,
      "fp_to_fn_ratio": 1.3983516483516483,
      "n_samples_with_bus": 10,
      "precision": 0.023032629558541268,
      "recall": 0.031914893617021274,
      "tp": 12
    },
    "ride": {
      "f_aggregate": 0.04839506172839506,
      "f_max_sample": 0.16279069767441862,
      "f_mean_sample": 0.12392053944282073,
      "fn": 214,
      "fp": 1713,
      "fp_to_fn_ratio": 8.004672897196262,
      "n_samples_with_bus": 10,
      "precision": 0.027809307604994324,
      "recall": 0.18631178707224336,
      "tp": 49
    },
    "snare": {
      "f_aggregate": 0.09385688876727323,
      "f_max_sample": 0.28699551569506726,
      "f_mean_sample": 0.11118004115791771,
      "fn": 308,
      "fp": 6315,
      "fp_to_fn_ratio": 20.503246753246753,
      "n_samples_with_bus": 26,
      "precision": 0.05151697206368279,
      "recall": 0.5268817204301075,
      "tp": 343
    },
    "tom_hi_mid": {
      "f_aggregate": 0.020449897750511245,
      "f_max_sample": 0.06779661016949151,
      "f_mean_sample": 0.05222347966452608,
      "fn": 188,
      "fp": 291,
      "fp_to_fn_ratio": 1.547872340425532,
      "n_samples_with_bus": 4,
      "precision": 0.016891891891891893,
      "recall": 0.025906735751295335,
      "tp": 5
    }
  },
  "per_bus_drskit_train_tuned": {
    "crash_a": {
      "f_aggregate": null,
      "f_max_sample": null,
      "f_mean_sample": null,
      "fn": 0,
      "fp": 0,
      "fp_to_fn_ratio": null,
      "n_samples_with_bus": 0,
      "precision": null,
      "recall": null,
      "tp": 0
    },
    "crash_b_misc": {
      "f_aggregate": 0.06896551724137931,
      "f_max_sample": 0.22222222222222224,
      "f_mean_sample": 0.026143790849673203,
      "fn": 12,
      "fp": 42,
      "fp_to_fn_ratio": 3.5,
      "n_samples_with_bus": 17,
      "precision": 0.045454545454545456,
      "recall": 0.14285714285714285,
      "tp": 2
    },
    "floor": {
      "f_aggregate": 0.0048510048510048516,
      "f_max_sample": 0.05714285714285715,
      "f_mean_sample": 0.005355041681986474,
      "fn": 10,
      "fp": 2862,
      "fp_to_fn_ratio": 286.2,
      "n_samples_with_bus": 28,
      "precision": 0.0024398745207389336,
      "recall": 0.4117647058823529,
      "tp": 7
    },
    "hihat": {
      "f_aggregate": 0.022277227722772276,
      "f_max_sample": 0.14285714285714288,
      "f_mean_sample": 0.020206311857173857,
      "fn": 58,
      "fp": 2312,
      "fp_to_fn_ratio": 39.86206896551724,
      "n_samples_with_bus": 28,
      "precision": 0.011543394613082514,
      "recall": 0.3176470588235294,
      "tp": 27
    },
    "kick": {
      "f_aggregate": 0.036036036036036036,
      "f_max_sample": 0.25,
      "f_mean_sample": 0.050410913872452334,
      "fn": 199,
      "fp": 229,
      "fp_to_fn_ratio": 1.150753768844221,
      "n_samples_with_bus": 26,
      "precision": 0.03375527426160337,
      "recall": 0.03864734299516908,
      "tp": 8
    },
    "ride": {
      "f_aggregate": 0.05949895615866387,
      "f_max_sample": 0.2105263157894737,
      "f_mean_sample": 0.06394206275650845,
      "fn": 107,
      "fp": 1695,
      "fp_to_fn_ratio": 15.841121495327103,
      "n_samples_with_bus": 27,
      "precision": 0.032534246575342464,
      "recall": 0.3475609756097561,
      "tp": 57
    },
    "snare": {
      "f_aggregate": 0.08511521694000415,
      "f_max_sample": 0.25225225225225223,
      "f_mean_sample": 0.11245387093698173,
      "fn": 151,
      "fp": 4256,
      "fp_to_fn_ratio": 28.185430463576157,
      "n_samples_with_bus": 30,
      "precision": 0.04595382201300157,
      "recall": 0.5758426966292135,
      "tp": 205
    },
    "tom_hi_mid": {
      "f_aggregate": 0.1384083044982699,
      "f_max_sample": 0.25,
      "f_mean_sample": 0.044694131322142026,
      "fn": 89,
      "fp": 160,
      "fp_to_fn_ratio": 1.797752808988764,
      "n_samples_with_bus": 19,
      "precision": 0.1111111111111111,
      "recall": 0.1834862385321101,
      "tp": 20
    }
  },
  "per_bus_shittykit_val_fixed": {
    "crash_a": {
      "f_aggregate": null,
      "f_max_sample": null,
      "f_mean_sample": null,
      "fn": 2,
      "fp": 0,
      "fp_to_fn_ratio": 0.0,
      "n_samples_with_bus": 0,
      "precision": null,
      "recall": 0.0,
      "tp": 0
    },
    "crash_b_misc": {
      "f_aggregate": null,
      "f_max_sample": null,
      "f_mean_sample": null,
      "fn": 99,
      "fp": 341,
      "fp_to_fn_ratio": 3.4444444444444446,
      "n_samples_with_bus": 0,
      "precision": 0.0,
      "recall": 0.0,
      "tp": 0
    },
    "floor": {
      "f_aggregate": 0.024245763879322216,
      "f_max_sample": 0.21428571428571427,
      "f_mean_sample": 0.05341160028018189,
      "fn": 305,
      "fp": 20944,
      "fp_to_fn_ratio": 68.66885245901639,
      "n_samples_with_bus": 51,
      "precision": 0.012448132780082987,
      "recall": 0.46397188049209137,
      "tp": 264
    },
    "hihat": {
      "f_aggregate": 0.030605455755156347,
      "f_max_sample": 0.18779342723004694,
      "f_mean_sample": 0.054817829023262564,
      "fn": 308,
      "fp": 21547,
      "fp_to_fn_ratio": 69.95779220779221,
      "n_samples_with_bus": 63,
      "precision": 0.015759181436141054,
      "recall": 0.5283307810107197,
      "tp": 345
    },
    "kick": {
      "f_aggregate": 0.01353528843055108,
      "f_max_sample": 0.13333333333333333,
      "f_mean_sample": 0.06741382513633962,
      "fn": 970,
      "fp": 2091,
      "fp_to_fn_ratio": 2.1556701030927834,
      "n_samples_with_bus": 19,
      "precision": 0.009943181818181818,
      "recall": 0.02119071644803229,
      "tp": 21
    },
    "ride": {
      "f_aggregate": 0.022069360848380622,
      "f_max_sample": 0.16666666666666666,
      "f_mean_sample": 0.08882562725478461,
      "fn": 461,
      "fp": 6363,
      "fp_to_fn_ratio": 13.802603036876356,
      "n_samples_with_bus": 21,
      "precision": 0.011956521739130435,
      "recall": 0.14312267657992564,
      "tp": 77
    },
    "snare": {
      "f_aggregate": 0.0888250036856848,
      "f_max_sample": 0.3217391304347826,
      "f_mean_sample": 0.0948237310769917,
      "fn": 857,
      "fp": 23865,