{
  "checkpoint": "artifacts/mini_l3_tcn_c128_B-planA.pt",
  "f_overall_drskit_train_fixed": 0.11742036084343357,
  "f_overall_drskit_train_tuned": 0.06386510453800116,
  "f_overall_shittykit_fixed": 0.08148784660554392,
  "f_overall_shittykit_tuned": 0.05697344168561493,
  "fixed_threshold": 0.08,
  "n_drskit_train_samples_eval": 30,
  "n_shittykit_val_samples": 115,
  "per_bus_drskit_train_fixed": {
    "crash_a": {
      "f_aggregate": null,
      "f_max_sample": null,
      "f_mean_sample": null,
      "fn": 0,
      "fp": 60,
      "fp_to_fn_ratio": null,
      "n_samples_with_bus": 0,
      "precision": 0.0,
      "recall": null,
      "tp": 0
    },
    "crash_b_misc": {
      "f_aggregate": null,
      "f_max_sample": null,
      "f_mean_sample": null,
      "fn": 36,
      "fp": 170,
      "fp_to_fn_ratio": 4.722222222222222,
      "n_samples_with_bus": 0,
      "precision": 0.0,
      "recall": 0.0,
      "tp": 0
    },
    "floor": {
      "f_aggregate": 0.0025188916876574302,
      "f_max_sample": 0.039603960396039604,
      "f_mean_sample": 0.03903274942878904,
      "fn": 68,
      "fp": 3100,
      "fp_to_fn_ratio": 45.588235294117645,
      "n_samples_with_bus": 2,
      "precision": 0.001288659793814433,
      "recall": 0.05555555555555555,
      "tp": 4
    },
    "hihat": {
      "f_aggregate": 0.030695443645083934,
      "f_max_sample": 0.21238938053097345,
      "f_mean_sample": 0.1147832012958967,
      "fn": 106,
      "fp": 1915,
      "fp_to_fn_ratio": 18.066037735849058,
      "n_samples_with_bus": 6,
      "precision": 0.016435541859270673,
      "recall": 0.2318840579710145,
      "tp": 32
    },
    "kick": {
      "f_aggregate": 0.017640573318632852,
      "f_max_sample": 0.12,
      "f_mean_sample": 0.0967032967032967,
      "fn": 368,
      "fp": 523,
      "fp_to_fn_ratio": 1.421195652173913,
      "n_samples_with_bus": 4,
      "precision": 0.015065913370998116,
      "recall": 0.02127659574468085,
      "tp": 8
    },
    "ride": {
      "f_aggregate": 0.009174311926605503,
      "f_max_sample": 0.15384615384615385,
      "f_mean_sample": 0.10817307692307693,
      "fn": 261,
      "fp": 171,
      "fp_to_fn_ratio": 0.6551724137931034,
      "n_samples_with_bus": 2,
      "precision": 0.011560693641618497,
      "recall": 0.0076045627376425855,
      "tp": 2
    },
    "snare": {
      "f_aggregate": 0.0933237616654702,
      "f_max_sample": 0.328042328042328,
      "f_mean_sample": 0.1154435520870678,
      "fn": 326,
      "fp": 5989,
      "fp_to_fn_ratio": 18.37116564417178,
      "n_samples_with_bus": 26,
      "precision": 0.051472917326575864,
      "recall": 0.49923195084485406,
      "tp": 325
    },
    "tom_hi_mid": {
      "f_aggregate": 0.02631578947368421,
      "f_max_sample": 0.12345679012345678,
      "f_mean_sample": 0.0831618652238859,
      "fn": 175,
      "fp": 1157,
      "fp_to_fn_ratio": 6.611428571428571,
      "n_samples_with_bus": 6,
      "precision": 0.015319148936170212,
      "recall": 0.09326424870466321,
      "tp": 18
    }
  },
  "per_bus_drskit_train_tuned": {
    "crash_a": {
      "f_aggregate": null,
      "f_max_sample": 0.0,
      "f_mean_sample": 0.0,
      "fn": 0,
      "fp": 21,
      "fp_to_fn_ratio": null,
      "n_samples_with_bus": 7,
      "precision": 0.0,
      "recall": null,
      "tp": 0
    },
    "crash_b_misc": {
      "f_aggregate": 0.04395604395604396,
      "f_max_sample": 0.2,
      "f_mean_sample": 0.03471074380165289,
      "fn": 12,
      "fp": 75,
      "fp_to_fn_ratio": 6.25,
      "n_samples_with_bus": 11,
      "precision": 0.025974025974025976,
      "recall": 0.14285714285714285,
      "tp": 2
    },
    "floor": {
      "f_aggregate": 0.006389776357827476,
      "f_max_sample": 0.03680981595092025,
      "f_mean_sample": 0.0022449287410509777,
      "fn": 13,
      "fp": 1231,
      "fp_to_fn_ratio": 94.6923076923077,
      "n_samples_with_bus": 22,
      "precision": 0.0032388663967611335,
      "recall": 0.23529411764705882,
      "tp": 4
    },
    "hihat": {
      "f_aggregate": 0.029958677685950414,
      "f_max_sample": 1.0,
      "f_mean_sample": 0.1085387037610258,
      "fn": 56,
      "fp": 1822,
      "fp_to_fn_ratio": 32.535714285714285,
      "n_samples_with_bus": 24,
      "precision": 0.015667206915180983,
      "recall": 0.3411764705882353,
      "tp": 29
    },
    "kick": {
      "f_aggregate": 0.05947955390334572,
      "f_max_sample": 0.1818181818181818,
      "f_mean_sample": 0.06567646366229361,
      "fn": 191,
      "fp": 315,
      "fp_to_fn_ratio": 1.649214659685864,
      "n_samples_with_bus": 26,
      "precision": 0.04833836858006042,
      "recall": 0.07729468599033816,
      "tp": 16
    },
    "ride": {
      "f_aggregate": 0.04,
      "f_max_sample": 0.16216216216216214,
      "f_mean_sample": 0.028664089190404977,
      "fn": 155,
      "fp": 277,
      "fp_to_fn_ratio": 1.7870967741935484,
      "n_samples_with_bus": 24,
      "precision": 0.03146853146853147,
      "recall": 0.054878048780487805,
      "tp": 9
    },
    "snare": {
      "f_aggregate": 0.059675036927621855,
      "f_max_sample": 0.3076923076923077,
      "f_mean_sample": 0.09164266680322079,
      "fn": 255,
      "fp": 2928,
      "fp_to_fn_ratio": 11.48235294117647,
      "n_samples_with_bus": 30,
      "precision": 0.03334433806536811,
      "recall": 0.28370786516853935,
      "tp": 101
    },
    "tom_hi_mid": {
      "f_aggregate": 0.03678929765886287,
      "f_max_sample": 0.1904761904761905,
      "f_mean_sample": 0.018574722379070208,
      "fn": 98,
      "fp": 478,
      "fp_to_fn_ratio": 4.877551020408164,
      "n_samples_with_bus": 23,
      "precision": 0.022494887525562373,
      "recall": 0.10091743119266056,
      "tp": 11
    }
  },
  "per_bus_shittykit_val_fixed": {
    "crash_a": {
      "f_aggregate": null,
      "f_max_sample": null,
      "f_mean_sample": null,
      "fn": 2,
      "fp": 226,
      "fp_to_fn_ratio": 113.0,
      "n_samples_with_bus": 0,
      "precision": 0.0,
      "recall": 0.0,
      "tp": 0
    },
    "crash_b_misc": {
      "f_aggregate": null,
      "f_max_sample": null,
      "f_mean_sample": null,
      "fn": 99,
      "fp": 653,
      "fp_to_fn_ratio": 6.595959595959596,
      "n_samples_with_bus": 0,
      "precision": 0.0,
      "recall": 0.0,
      "tp": 0
    },
    "floor": {
      "f_aggregate": 0.022746538570217575,
      "f_max_sample": 0.21476510067114093,
      "f_mean_sample": 0.06965205258138925,
      "fn": 408,
      "fp": 13426,
      "fp_to_fn_ratio": 32.90686274509804,
      "n_samples_with_bus": 36,
      "precision": 0.01184956208140134,
      "recall": 0.28295254833040423,
      "tp": 161
    },
    "hihat": {
      "f_aggregate": 0.02761296211775445,
      "f_max_sample": 0.20560747663551404,
      "f_mean_sample": 0.0579957146071468,
      "fn": 532,
      "fp": 7990,
      "fp_to_fn_ratio": 15.018796992481203,
      "n_samples_with_bus": 47,
      "precision": 0.014918012575514733,
      "recall": 0.18529862174578868,
      "tp": 121
    },
    "kick": {
      "f_aggregate": 0.014346266710140202,
      "f_max_sample": 0.12903225806451615,
      "f_mean_sample": 0.07503706335831603,
      "fn": 969,
      "fp": 2054,
      "fp_to_fn_ratio": 2.1197110423116614,
      "n_samples_with_bus": 17,
      "precision": 0.010597302504816955,
      "recall": 0.022199798183652877,
      "tp": 22
    },
    "ride": {
      "f_aggregate": 0.004608294930875576,
      "f_max_sample": 0.07407407407407408,
      "f_mean_sample": 0.06740073406740073,
      "fn": 535,
      "fp": 761,
      "fp_to_fn_ratio": 1.422429906542056,
      "n_samples_with_bus": 3,
      "precision": 0.003926701570680628,
      "recall": 0.0055762081784386614,
      "tp": 3
    },
    "snare": {
      "f_aggregate": 0.08287028518859245,
      "f_max_sample": 0.29955947136563876,
      "f_mean_sample": 0.08927781837580008,
      "fn": 936,
      "fp": 23987,
      "fp_to_fn_ratio": 25.627136752136753,