{
  "checkpoint": "artifacts/mini_l3_tcn_loss-D.pt",
  "f_overall_drskit_train_fixed": 0.06764936445590598,
  "f_overall_drskit_train_tuned": 0.02274981966262404,
  "f_overall_shittykit_fixed": 0.044778069733304,
  "f_overall_shittykit_tuned": 0.021606834240437,
  "fixed_threshold": 0.1,
  "n_drskit_train_samples_eval": 30,
  "n_shittykit_val_samples": 115,
  "per_bus_drskit_train_fixed": {
    "crash_a": {
      "f_aggregate": null,
      "f_max_sample": null,
      "f_mean_sample": null,
      "fn": 0,
      "fp": 0,
      "fp_to_fn_ratio": null,
      "n_samples_with_bus": 0,
      "precision": null,
      "recall": null,
      "tp": 0
    },
    "crash_b_misc": {
      "f_aggregate": 0.0022667170381564035,
      "f_max_sample": 0.03625377643504532,
      "f_mean_sample": 0.03577394704105207,
      "fn": 24,
      "fp": 10540,
      "fp_to_fn_ratio": 439.1666666666667,
      "n_samples_with_bus": 2,
      "precision": 0.0011372251705837756,
      "recall": 0.3333333333333333,
      "tp": 12
    },
    "floor": {
      "f_aggregate": 0.003170754453044857,
      "f_max_sample": 0.032051282051282055,
      "f_mean_sample": 0.013445437634735134,
      "fn": 55,
      "fp": 10634,
      "fp_to_fn_ratio": 193.34545454545454,
      "n_samples_with_bus": 7,
      "precision": 0.0015960942634494415,
      "recall": 0.2361111111111111,
      "tp": 17
    },
    "hihat": {
      "f_aggregate": 0.015545479781623024,
      "f_max_sample": 0.08815426997245178,
      "f_mean_sample": 0.04376691760112883,
      "fn": 54,
      "fp": 10585,
      "fp_to_fn_ratio": 196.0185185185185,
      "n_samples_with_bus": 10,
      "precision": 0.007873277720498641,
      "recall": 0.6086956521739131,
      "tp": 84
    },
    "kick": {
      "f_aggregate": 0.03649237472766885,
      "f_max_sample": 0.11869436201780414,
      "f_mean_sample": 0.043368977308438035,
      "fn": 175,
      "fp": 10439,
      "fp_to_fn_ratio": 59.651428571428575,
      "n_samples_with_bus": 26,
      "precision": 0.018890977443609024,
      "recall": 0.5345744680851063,
      "tp": 201
    },
    "ride": {
      "f_aggregate": null,
      "f_max_sample": null,
      "f_mean_sample": null,
      "fn": 263,
      "fp": 0,
      "fp_to_fn_ratio": 0.0,
      "n_samples_with_bus": 0,
      "precision": null,
      "recall": 0.0,
      "tp": 0
    },
    "snare": {
      "f_aggregate": 0.06321940853550559,
      "f_max_sample": 0.16751269035532995,
      "f_mean_sample": 0.07320088572666333,
      "fn": 294,
      "fp": 10286,
      "fp_to_fn_ratio": 34.98639455782313,
      "n_samples_with_bus": 26,
      "precision": 0.03354317391712863,
      "recall": 0.5483870967741935,
      "tp": 357
    },
    "tom_hi_mid": {
      "f_aggregate": 0.019669697532009648,
      "f_max_sample": 0.16753926701570682,
      "f_mean_sample": 0.05207422986007215,
      "fn": 87,
      "fp": 10479,
      "fp_to_fn_ratio": 120.44827586206897,
      "n_samples_with_bus": 10,
      "precision": 0.010014170996693434,
      "recall": 0.5492227979274611,
      "tp": 106
    }
  },
  "per_bus_drskit_train_tuned": {
    "crash_a": {
      "f_aggregate": null,
      "f_max_sample": null,
      "f_mean_sample": null,
      "fn": 0,
      "fp": 0,
      "fp_to_fn_ratio": null,
      "n_samples_with_bus": 0,
      "precision": null,
      "recall": null,
      "tp": 0
    },
    "crash_b_misc": {
      "f_aggregate": 0.002661596958174905,
      "f_max_sample": 0.042553191489361694,
      "f_mean_sample": 0.002819841117713458,
      "fn": 0,
      "fp": 10492,
      "fp_to_fn_ratio": null,
      "n_samples_with_bus": 30,
      "precision": 0.001332571863696935,
      "recall": 1.0,
      "tp": 14
    },
    "floor": {
      "f_aggregate": 0.003196690485144791,
      "f_max_sample": 0.031746031746031744,
      "f_mean_sample": 0.003136790857810029,
      "fn": 0,
      "fp": 10602,
      "fp_to_fn_ratio": null,
      "n_samples_with_bus": 30,
      "precision": 0.0016009040399284301,
      "recall": 1.0,
      "tp": 17
    },
    "hihat": {
      "f_aggregate": 0.015859688403769008,
      "f_max_sample": 0.09142857142857144,
      "f_mean_sample": 0.015179415330355788,
      "fn": 0,
      "fp": 10549,
      "fp_to_fn_ratio": null,
      "n_samples_with_bus": 30,
      "precision": 0.007993229264622908,
      "recall": 1.0,
      "tp": 85
    },
    "kick": {
      "f_aggregate": 0.038514952319229696,
      "f_max_sample": 0.11550151975683891,
      "f_mean_sample": 0.03975829442698326,
      "fn": 0,
      "fp": 10385,
      "fp_to_fn_ratio": null,
      "n_samples_with_bus": 30,
      "precision": 0.01963560842065515,
      "recall": 1.0,
      "tp": 208
    },
    "ride": {
      "f_aggregate": null,
      "f_max_sample": 0.0,
      "f_mean_sample": 0.0,
      "fn": 164,
      "fp": 0,
      "fp_to_fn_ratio": 0.0,
      "n_samples_with_bus": 14,
      "precision": null,
      "recall": 0.0,
      "tp": 0
    },
    "snare": {
      "f_aggregate": 0.06502283105022831,
      "f_max_sample": 0.18131868131868134,
      "f_mean_sample": 0.06631584470820966,
      "fn": 0,
      "fp": 10238,
      "fp_to_fn_ratio": null,
      "n_samples_with_bus": 30,
      "precision": 0.03360392675099113,
      "recall": 1.0,
      "tp": 356
    },
    "tom_hi_mid": {
      "f_aggregate": 0.020448363192946253,
      "f_max_sample": 0.17438692098092642,
      "f_mean_sample": 0.018483824690296694,
      "fn": 0,
      "fp": 10443,
      "fp_to_fn_ratio": null,
      "n_samples_with_bus": 30,
      "precision": 0.010329795299469294,
      "recall": 1.0,
      "tp": 109
    }
  },
  "per_bus_shittykit_val_fixed": {
    "crash_a": {
      "f_aggregate": null,
      "f_max_sample": null,
      "f_mean_sample": null,
      "fn": 2,
      "fp": 0,
      "fp_to_fn_ratio": 0.0,
      "n_samples_with_bus": 0,
      "precision": null,
      "recall": 0.0,
      "tp": 0
    },
    "crash_b_misc": {
      "f_aggregate": 0.0012993503248375812,
      "f_max_sample": 0.04013377926421404,
      "f_mean_sample": 0.008423386167937688,
      "fn": 73,
      "fp": 39895,
      "fp_to_fn_ratio": 546.5068493150685,
      "n_samples_with_bus": 19,
      "precision": 0.0006512862904235866,
      "recall": 0.26262626262626265,
      "tp": 26
    },
    "floor": {
      "f_aggregate": 0.014610667253047964,
      "f_max_sample": 0.14689265536723164,
      "f_mean_sample": 0.030999370552217693,
      "fn": 270,
      "fp": 40061,
      "fp_to_fn_ratio": 148.3740740740741,
      "n_samples_with_bus": 54,
      "precision": 0.007408325074331021,
      "recall": 0.5254833040421792,
      "tp": 299
    },
    "hihat": {
      "f_aggregate": 0.018235007313505608,
      "f_max_sample": 0.11290322580645161,
      "f_mean_sample": 0.03245254085807464,
      "fn": 279,
      "fp": 39993,
      "fp_to_fn_ratio": 143.34408602150538,
      "n_samples_with_bus": 63,
      "precision": 0.009264993682958852,
      "recall": 0.5727411944869831,
      "tp": 374
    },
    "kick": {
      "f_aggregate": 0.024359472049689444,
      "f_max_sample": 0.11976047904191617,
      "f_mean_sample": 0.03321958099846394,
      "fn": 489,
      "fp": 39723,
      "fp_to_fn_ratio": 81.23312883435582,
      "n_samples_with_bus": 88,
      "precision": 0.012479801118707272,
      "recall": 0.5065590312815338,
      "tp": 502
    },
    "ride": {
      "f_aggregate": null,
      "f_max_sample": null,
      "f_mean_sample": null,
      "fn": 538,
      "fp": 0,
      "fp_to_fn_ratio": 0.0,
      "n_samples_with_bus": 0,
      "precision": null,
      "recall": 0.0,
      "tp": 0
    },
    "snare": {
      "f_aggregate": 0.05755361883060443,
      "f_max_sample": 0.2102272727272727,
      "f_mean_sample": 0.06151158951439131,
      "fn": 837,
      "fp": 39282,
      "fp_to_fn_ratio": 46.93189964157706,
      "n_samples_with_bus": 108,
      "precision": 0.030241686622065323,
      "recall": 0.5940834141610087,
      "tp": 1225
    },
    "tom_hi_mid": {
      "f_aggregate": 0.014379986210972128,