{
  "checkpoint": "artifacts/mini_l3_tcn_c128_B-planA.pt",
  "f_overall_drskit_train_fixed": 0.10373803547782938,
  "f_overall_drskit_train_tuned": 0.06386510453800116,
  "f_overall_shittykit_fixed": 0.07012585022008212,
  "f_overall_shittykit_tuned": 0.05697344168561493,
  "fixed_threshold": 0.02,
  "n_drskit_train_samples_eval": 30,
  "n_shittykit_val_samples": 115,
  "per_bus_drskit_train_fixed": {
    "crash_a": {
      "f_aggregate": null,
      "f_max_sample": null,
      "f_mean_sample": null,
      "fn": 0,
      "fp": 130,
      "fp_to_fn_ratio": null,
      "n_samples_with_bus": 0,
      "precision": 0.0,
      "recall": null,
      "tp": 0
    },
    "crash_b_misc": {
      "f_aggregate": 0.005037783375314861,
      "f_max_sample": 0.05555555555555555,
      "f_mean_sample": 0.054804804804804805,
      "fn": 34,
      "fp": 756,
      "fp_to_fn_ratio": 22.235294117647058,
      "n_samples_with_bus": 2,
      "precision": 0.002638522427440633,
      "recall": 0.05555555555555555,
      "tp": 2
    },
    "floor": {
      "f_aggregate": 0.0048165462530103415,
      "f_max_sample": 0.046296296296296294,
      "f_mean_sample": 0.01900207094490799,
      "fn": 55,
      "fp": 6970,
      "fp_to_fn_ratio": 126.72727272727273,
      "n_samples_with_bus": 7,
      "precision": 0.0024330900243309003,
      "recall": 0.2361111111111111,
      "tp": 17
    },
    "hihat": {
      "f_aggregate": 0.02332859174964438,
      "f_max_sample": 0.13973799126637557,
      "f_mean_sample": 0.06404028591944569,
      "fn": 56,
      "fp": 6810,
      "fp_to_fn_ratio": 121.60714285714286,
      "n_samples_with_bus": 10,
      "precision": 0.011897852582704585,
      "recall": 0.5942028985507246,
      "tp": 82
    },
    "kick": {
      "f_aggregate": 0.03129890453834116,
      "f_max_sample": 0.11428571428571428,
      "f_mean_sample": 0.05648695831449528,
      "fn": 336,
      "fp": 2140,
      "fp_to_fn_ratio": 6.369047619047619,
      "n_samples_with_bus": 15,
      "precision": 0.01834862385321101,
      "recall": 0.10638297872340426,
      "tp": 40
    },
    "ride": {
      "f_aggregate": 0.04848910751932537,
      "f_max_sample": 0.19801980198019803,
      "f_mean_sample": 0.1262489914718422,
      "fn": 194,
      "fp": 2514,
      "fp_to_fn_ratio": 12.958762886597938,
      "n_samples_with_bus": 11,
      "precision": 0.026713124274099883,
      "recall": 0.2623574144486692,
      "tp": 69
    },
    "snare": {
      "f_aggregate": 0.09252858282371709,
      "f_max_sample": 0.2689075630252101,
      "f_mean_sample": 0.10947397807056217,
      "fn": 303,
      "fp": 6523,
      "fp_to_fn_ratio": 21.528052805280527,
      "n_samples_with_bus": 26,
      "precision": 0.050647649541551445,
      "recall": 0.5345622119815668,
      "tp": 348
    },
    "tom_hi_mid": {
      "f_aggregate": 0.028532608695652172,
      "f_max_sample": 0.24427480916030533,
      "f_mean_sample": 0.11135243160122417,
      "fn": 151,
      "fp": 2709,
      "fp_to_fn_ratio": 17.94039735099338,
      "n_samples_with_bus": 6,
      "precision": 0.015267175572519083,
      "recall": 0.21761658031088082,
      "tp": 42
    }
  },
  "per_bus_drskit_train_tuned": {
    "crash_a": {
      "f_aggregate": null,
      "f_max_sample": 0.0,
      "f_mean_sample": 0.0,
      "fn": 0,
      "fp": 21,
      "fp_to_fn_ratio": null,
      "n_samples_with_bus": 7,
      "precision": 0.0,
      "recall": null,
      "tp": 0
    },
    "crash_b_misc": {
      "f_aggregate": 0.04395604395604396,
      "f_max_sample": 0.2,
      "f_mean_sample": 0.03471074380165289,
      "fn": 12,
      "fp": 75,
      "fp_to_fn_ratio": 6.25,
      "n_samples_with_bus": 11,
      "precision": 0.025974025974025976,
      "recall": 0.14285714285714285,
      "tp": 2
    },
    "floor": {
      "f_aggregate": 0.006389776357827476,
      "f_max_sample": 0.03680981595092025,
      "f_mean_sample": 0.0022449287410509777,
      "fn": 13,
      "fp": 1231,
      "fp_to_fn_ratio": 94.6923076923077,
      "n_samples_with_bus": 22,
      "precision": 0.0032388663967611335,
      "recall": 0.23529411764705882,
      "tp": 4
    },
    "hihat": {
      "f_aggregate": 0.029958677685950414,
      "f_max_sample": 1.0,
      "f_mean_sample": 0.1085387037610258,
      "fn": 56,
      "fp": 1822,
      "fp_to_fn_ratio": 32.535714285714285,
      "n_samples_with_bus": 24,
      "precision": 0.015667206915180983,
      "recall": 0.3411764705882353,
      "tp": 29
    },
    "kick": {
      "f_aggregate": 0.05947955390334572,
      "f_max_sample": 0.1818181818181818,
      "f_mean_sample": 0.06567646366229361,
      "fn": 191,
      "fp": 315,
      "fp_to_fn_ratio": 1.649214659685864,
      "n_samples_with_bus": 26,
      "precision": 0.04833836858006042,
      "recall": 0.07729468599033816,
      "tp": 16
    },
    "ride": {
      "f_aggregate": 0.04,
      "f_max_sample": 0.16216216216216214,
      "f_mean_sample": 0.028664089190404977,
      "fn": 155,
      "fp": 277,
      "fp_to_fn_ratio": 1.7870967741935484,
      "n_samples_with_bus": 24,
      "precision": 0.03146853146853147,
      "recall": 0.054878048780487805,
      "tp": 9
    },
    "snare": {
      "f_aggregate": 0.059675036927621855,
      "f_max_sample": 0.3076923076923077,
      "f_mean_sample": 0.09164266680322079,
      "fn": 255,
      "fp": 2928,
      "fp_to_fn_ratio": 11.48235294117647,
      "n_samples_with_bus": 30,
      "precision": 0.03334433806536811,
      "recall": 0.28370786516853935,
      "tp": 101
    },
    "tom_hi_mid": {
      "f_aggregate": 0.03678929765886287,
      "f_max_sample": 0.1904761904761905,
      "f_mean_sample": 0.018574722379070208,
      "fn": 98,
      "fp": 478,
      "fp_to_fn_ratio": 4.877551020408164,
      "n_samples_with_bus": 23,
      "precision": 0.022494887525562373,
      "recall": 0.10091743119266056,
      "tp": 11
    }
  },
  "per_bus_shittykit_val_fixed": {
    "crash_a": {
      "f_aggregate": null,
      "f_max_sample": null,
      "f_mean_sample": null,
      "fn": 2,
      "fp": 491,
      "fp_to_fn_ratio": 245.5,
      "n_samples_with_bus": 0,
      "precision": 0.0,
      "recall": 0.0,
      "tp": 0
    },
    "crash_b_misc": {
      "f_aggregate": 0.0013170892327955218,
      "f_max_sample": 0.07692307692307693,
      "f_mean_sample": 0.06346153846153846,
      "fn": 97,
      "fp": 2936,
      "fp_to_fn_ratio": 30.2680412371134,
      "n_samples_with_bus": 2,
      "precision": 0.0006807351940095302,
      "recall": 0.020202020202020204,
      "tp": 2
    },
    "floor": {
      "f_aggregate": 0.020740634419405768,
      "f_max_sample": 0.19305019305019305,
      "f_mean_sample": 0.044995986485537896,
      "fn": 280,
      "fp": 27010,
      "fp_to_fn_ratio": 96.46428571428571,
      "n_samples_with_bus": 53,
      "precision": 0.010586468368804718,
      "recall": 0.507908611599297,
      "tp": 289
    },
    "hihat": {
      "f_aggregate": 0.026831171726931512,
      "f_max_sample": 0.17073170731707318,
      "f_mean_sample": 0.0473730285722325,
      "fn": 292,
      "fp": 25895,
      "fp_to_fn_ratio": 88.68150684931507,
      "n_samples_with_bus": 63,
      "precision": 0.01374923826934796,
      "recall": 0.552833078101072,
      "tp": 361
    },
    "kick": {
      "f_aggregate": 0.025976791227509847,
      "f_max_sample": 0.23931623931623933,
      "f_mean_sample": 0.05373480429280094,
      "fn": 869,
      "fp": 8280,
      "fp_to_fn_ratio": 9.52819332566168,
      "n_samples_with_bus": 49,
      "precision": 0.014520352297072126,
      "recall": 0.1231079717457114,
      "tp": 122
    },
    "ride": {
      "f_aggregate": 0.02107295101745355,
      "f_max_sample": 0.18518518518518517,
      "f_mean_sample": 0.08891913501270565,
      "fn": 407,
      "fp": 11764,
      "fp_to_fn_ratio": 28.904176904176904,
      "n_samples_with_bus": 24,
      "precision": 0.011013030685161834,
      "recall": 0.24349442379182157,
      "tp": 131
    },