{
  "checkpoint": "artifacts/mini_l3_tcn_loss-B-planA.pt",
  "f_overall_drskit_train_fixed": 0.11994160115182391,
  "f_overall_drskit_train_tuned": 0.05128990179322098,
  "f_overall_shittykit_fixed": 0.11522262665092699,
  "f_overall_shittykit_tuned": 0.053939702044182025,
  "fixed_threshold": 0.2,
  "n_drskit_train_samples_eval": 30,
  "n_shittykit_val_samples": 115,
  "per_bus_drskit_train_fixed": {
    "crash_a": {
      "f_aggregate": null,
      "f_max_sample": null,
      "f_mean_sample": null,
      "fn": 0,
      "fp": 0,
      "fp_to_fn_ratio": null,
      "n_samples_with_bus": 0,
      "precision": null,
      "recall": null,
      "tp": 0
    },
    "crash_b_misc": {
      "f_aggregate": null,
      "f_max_sample": null,
      "f_mean_sample": null,
      "fn": 36,
      "fp": 30,
      "fp_to_fn_ratio": 0.8333333333333334,
      "n_samples_with_bus": 0,
      "precision": 0.0,
      "recall": 0.0,
      "tp": 0
    },
    "floor": {
      "f_aggregate": null,
      "f_max_sample": null,
      "f_mean_sample": null,
      "fn": 72,
      "fp": 320,
      "fp_to_fn_ratio": 4.444444444444445,
      "n_samples_with_bus": 0,
      "precision": 0.0,
      "recall": 0.0,
      "tp": 0
    },
    "hihat": {
      "f_aggregate": 0.015094339622641508,
      "f_max_sample": 0.19999999999999998,
      "f_mean_sample": 0.18333333333333335,
      "fn": 136,
      "fp": 125,
      "fp_to_fn_ratio": 0.9191176470588235,
      "n_samples_with_bus": 2,
      "precision": 0.015748031496062992,
      "recall": 0.014492753623188406,
      "tp": 2
    },
    "kick": {
      "f_aggregate": 0.01568627450980392,
      "f_max_sample": 0.15384615384615385,
      "f_mean_sample": 0.1059146735617324,
      "fn": 372,
      "fp": 130,
      "fp_to_fn_ratio": 0.34946236559139787,
      "n_samples_with_bus": 4,
      "precision": 0.029850746268656716,
      "recall": 0.010638297872340425,
      "tp": 4
    },
    "ride": {
      "f_aggregate": null,
      "f_max_sample": null,
      "f_mean_sample": null,
      "fn": 263,
      "fp": 136,
      "fp_to_fn_ratio": 0.5171102661596958,
      "n_samples_with_bus": 0,
      "precision": 0.0,
      "recall": 0.0,
      "tp": 0
    },
    "snare": {
      "f_aggregate": 0.09343583678296864,
      "f_max_sample": 0.2682926829268293,
      "f_mean_sample": 0.12120068064739711,
      "fn": 572,
      "fp": 961,
      "fp_to_fn_ratio": 1.68006993006993,
      "n_samples_with_bus": 18,
      "precision": 0.07596153846153846,
      "recall": 0.12135176651305683,
      "tp": 79
    },
    "tom_hi_mid": {
      "f_aggregate": 0.014285714285714285,
      "f_max_sample": 0.048780487804878044,
      "f_mean_sample": 0.04399808703969392,
      "fn": 191,
      "fp": 85,
      "fp_to_fn_ratio": 0.44502617801047123,
      "n_samples_with_bus": 2,
      "precision": 0.022988505747126436,
      "recall": 0.010362694300518135,
      "tp": 2
    }
  },
  "per_bus_drskit_train_tuned": {
    "crash_a": {
      "f_aggregate": null,
      "f_max_sample": 0.0,
      "f_mean_sample": 0.0,
      "fn": 0,
      "fp": 21,
      "fp_to_fn_ratio": null,
      "n_samples_with_bus": 21,
      "precision": 0.0,
      "recall": null,
      "tp": 0
    },
    "crash_b_misc": {
      "f_aggregate": 0.04938271604938271,
      "f_max_sample": 0.22222222222222224,
      "f_mean_sample": 0.01646090534979424,
      "fn": 12,
      "fp": 65,
      "fp_to_fn_ratio": 5.416666666666667,
      "n_samples_with_bus": 27,
      "precision": 0.029850746268656716,
      "recall": 0.14285714285714285,
      "tp": 2
    },
    "floor": {
      "f_aggregate": 0.01244296972210701,
      "f_max_sample": 0.058139534883720936,
      "f_mean_sample": 0.0050668490585116,
      "fn": 2,
      "fp": 2379,
      "fp_to_fn_ratio": 1189.5,
      "n_samples_with_bus": 30,
      "precision": 0.006265664160401002,
      "recall": 0.8823529411764706,
      "tp": 15
    },
    "hihat": {
      "f_aggregate": 0.032718412808910545,
      "f_max_sample": 1.0,
      "f_mean_sample": 0.09713250230570984,
      "fn": 38,
      "fp": 2741,
      "fp_to_fn_ratio": 72.13157894736842,
      "n_samples_with_bus": 27,
      "precision": 0.01685796269727403,
      "recall": 0.5529411764705883,
      "tp": 47
    },
    "kick": {
      "f_aggregate": 0.1452513966480447,
      "f_max_sample": 0.273972602739726,
      "f_mean_sample": 0.11133662232455296,
      "fn": 155,
      "fp": 457,
      "fp_to_fn_ratio": 2.9483870967741934,
      "n_samples_with_bus": 30,
      "precision": 0.10216110019646366,
      "recall": 0.25120772946859904,
      "tp": 52
    },
    "ride": {
      "f_aggregate": 0.08797653958944282,
      "f_max_sample": 0.22222222222222218,
      "f_mean_sample": 0.04209995208111969,
      "fn": 134,
      "fp": 488,
      "fp_to_fn_ratio": 3.6417910447761193,
      "n_samples_with_bus": 27,
      "precision": 0.05791505791505792,
      "recall": 0.18292682926829268,
      "tp": 30
    },
    "snare": {
      "f_aggregate": 0.09152915291529153,
      "f_max_sample": 0.33333333333333337,
      "f_mean_sample": 0.11002700646124011,
      "fn": 148,
      "fp": 3981,
      "fp_to_fn_ratio": 26.89864864864865,
      "n_samples_with_bus": 30,
      "precision": 0.049653855335402244,
      "recall": 0.5842696629213483,
      "tp": 208
    },
    "tom_hi_mid": {
      "f_aggregate": 0.012698412698412698,
      "f_max_sample": 0.07692307692307691,
      "f_mean_sample": 0.004945054945054944,
      "fn": 107,
      "fp": 204,
      "fp_to_fn_ratio": 1.9065420560747663,
      "n_samples_with_bus": 30,
      "precision": 0.009708737864077669,
      "recall": 0.01834862385321101,
      "tp": 2
    }
  },
  "per_bus_shittykit_val_fixed": {
    "crash_a": {
      "f_aggregate": null,
      "f_max_sample": null,
      "f_mean_sample": null,
      "fn": 2,
      "fp": 0,
      "fp_to_fn_ratio": 0.0,
      "n_samples_with_bus": 0,
      "precision": null,
      "recall": 0.0,
      "tp": 0
    },
    "crash_b_misc": {
      "f_aggregate": null,
      "f_max_sample": null,
      "f_mean_sample": null,
      "fn": 99,
      "fp": 118,
      "fp_to_fn_ratio": 1.1919191919191918,
      "n_samples_with_bus": 0,
      "precision": 0.0,
      "recall": 0.0,
      "tp": 0
    },
    "floor": {
      "f_aggregate": 0.029459901800327332,
      "f_max_sample": 0.2222222222222222,
      "f_mean_sample": 0.11383557063472786,
      "fn": 542,
      "fp": 1237,
      "fp_to_fn_ratio": 2.282287822878229,
      "n_samples_with_bus": 15,
      "precision": 0.021360759493670885,
      "recall": 0.04745166959578207,
      "tp": 27
    },
    "hihat": {
      "f_aggregate": 0.020813623462630087,
      "f_max_sample": 0.28571428571428575,
      "f_mean_sample": 0.1546156947627536,
      "fn": 642,
      "fp": 393,
      "fp_to_fn_ratio": 0.6121495327102804,
      "n_samples_with_bus": 8,
      "precision": 0.027227722772277228,
      "recall": 0.016845329249617153,
      "tp": 11
    },
    "kick": {
      "f_aggregate": 0.005468215994531784,
      "f_max_sample": 0.1111111111111111,
      "f_mean_sample": 0.08442444960440317,
      "fn": 987,
      "fp": 468,
      "fp_to_fn_ratio": 0.47416413373860183,
      "n_samples_with_bus": 4,
      "precision": 0.00847457627118644,
      "recall": 0.004036326942482341,
      "tp": 4
    },
    "ride": {
      "f_aggregate": null,
      "f_max_sample": null,
      "f_mean_sample": null,
      "fn": 538,
      "fp": 526,
      "fp_to_fn_ratio": 0.9776951672862454,
      "n_samples_with_bus": 0,
      "precision": 0.0,
      "recall": 0.0,
      "tp": 0
    },
    "snare": {
      "f_aggregate": 0.07370586218717862,
      "f_max_sample": 0.26666666666666666,
      "f_mean_sample": 0.11325799602351973,
      "fn": 1847,
      "fp": 3557,
      "fp_to_fn_ratio": 1.9258256632376827,
      "n_samples_with_bus": 58,
      "precision": 0.05699893955461294,
      "recall": 0.10426770126091174,
      "tp": 215
    },
    "tom_hi_mid": {
      "f_aggregate": 0.0049019607843137246,