{
  "checkpoint": "artifacts/mini_l3_tcn_c128_B-planA.pt",
  "f_overall_drskit_train_fixed": 0.13227067257743916,
  "f_overall_drskit_train_tuned": 0.06386510453800116,
  "f_overall_shittykit_fixed": 0.11338309670108805,
  "f_overall_shittykit_tuned": 0.05697344168561493,
  "fixed_threshold": 0.15,
  "n_drskit_train_samples_eval": 30,
  "n_shittykit_val_samples": 115,
  "per_bus_drskit_train_fixed": {
    "crash_a": {
      "f_aggregate": null,
      "f_max_sample": null,
      "f_mean_sample": null,
      "fn": 0,
      "fp": 5,
      "fp_to_fn_ratio": null,
      "n_samples_with_bus": 0,
      "precision": 0.0,
      "recall": null,
      "tp": 0
    },
    "crash_b_misc": {
      "f_aggregate": null,
      "f_max_sample": null,
      "f_mean_sample": null,
      "fn": 36,
      "fp": 86,
      "fp_to_fn_ratio": 2.388888888888889,
      "n_samples_with_bus": 0,
      "precision": 0.0,
      "recall": 0.0,
      "tp": 0
    },
    "floor": {
      "f_aggregate": null,
      "f_max_sample": null,
      "f_mean_sample": null,
      "fn": 72,
      "fp": 564,
      "fp_to_fn_ratio": 7.833333333333333,
      "n_samples_with_bus": 0,
      "precision": 0.0,
      "recall": 0.0,
      "tp": 0
    },
    "hihat": {
      "f_aggregate": 0.05869074492099323,
      "f_max_sample": 0.2564102564102564,
      "f_mean_sample": 0.15934987971601242,
      "fn": 125,
      "fp": 292,
      "fp_to_fn_ratio": 2.336,
      "n_samples_with_bus": 6,
      "precision": 0.04262295081967213,
      "recall": 0.09420289855072464,
      "tp": 13
    },
    "kick": {
      "f_aggregate": 0.0072992700729927,
      "f_max_sample": 0.05555555555555555,
      "f_mean_sample": 0.054804804804804805,
      "fn": 374,
      "fp": 170,
      "fp_to_fn_ratio": 0.45454545454545453,
      "n_samples_with_bus": 2,
      "precision": 0.011627906976744186,
      "recall": 0.005319148936170213,
      "tp": 2
    },
    "ride": {
      "f_aggregate": null,
      "f_max_sample": null,
      "f_mean_sample": null,
      "fn": 263,
      "fp": 93,
      "fp_to_fn_ratio": 0.35361216730038025,
      "n_samples_with_bus": 0,
      "precision": 0.0,
      "recall": 0.0,
      "tp": 0
    },
    "snare": {
      "f_aggregate": 0.09908256880733946,
      "f_max_sample": 0.30476190476190473,
      "f_mean_sample": 0.13148345435804426,
      "fn": 435,
      "fp": 3493,
      "fp_to_fn_ratio": 8.029885057471265,
      "n_samples_with_bus": 25,
      "precision": 0.05823672148827177,
      "recall": 0.3317972350230415,
      "tp": 216
    },
    "tom_hi_mid": {
      "f_aggregate": 0.03,
      "f_max_sample": 0.09090909090909091,
      "f_mean_sample": 0.06870142436180171,
      "fn": 187,
      "fp": 201,
      "fp_to_fn_ratio": 1.0748663101604279,
      "n_samples_with_bus": 4,
      "precision": 0.028985507246376812,
      "recall": 0.031088082901554404,
      "tp": 6
    }
  },
  "per_bus_drskit_train_tuned": {
    "crash_a": {
      "f_aggregate": null,
      "f_max_sample": 0.0,
      "f_mean_sample": 0.0,
      "fn": 0,
      "fp": 21,
      "fp_to_fn_ratio": null,
      "n_samples_with_bus": 7,
      "precision": 0.0,
      "recall": null,
      "tp": 0
    },
    "crash_b_misc": {
      "f_aggregate": 0.04395604395604396,
      "f_max_sample": 0.2,
      "f_mean_sample": 0.03471074380165289,
      "fn": 12,
      "fp": 75,
      "fp_to_fn_ratio": 6.25,
      "n_samples_with_bus": 11,
      "precision": 0.025974025974025976,
      "recall": 0.14285714285714285,
      "tp": 2
    },
    "floor": {
      "f_aggregate": 0.006389776357827476,
      "f_max_sample": 0.03680981595092025,
      "f_mean_sample": 0.0022449287410509777,
      "fn": 13,
      "fp": 1231,
      "fp_to_fn_ratio": 94.6923076923077,
      "n_samples_with_bus": 22,
      "precision": 0.0032388663967611335,
      "recall": 0.23529411764705882,
      "tp": 4
    },
    "hihat": {
      "f_aggregate": 0.029958677685950414,
      "f_max_sample": 1.0,
      "f_mean_sample": 0.1085387037610258,
      "fn": 56,
      "fp": 1822,
      "fp_to_fn_ratio": 32.535714285714285,
      "n_samples_with_bus": 24,
      "precision": 0.015667206915180983,
      "recall": 0.3411764705882353,
      "tp": 29
    },
    "kick": {
      "f_aggregate": 0.05947955390334572,
      "f_max_sample": 0.1818181818181818,
      "f_mean_sample": 0.06567646366229361,
      "fn": 191,
      "fp": 315,
      "fp_to_fn_ratio": 1.649214659685864,
      "n_samples_with_bus": 26,
      "precision": 0.04833836858006042,
      "recall": 0.07729468599033816,
      "tp": 16
    },
    "ride": {
      "f_aggregate": 0.04,
      "f_max_sample": 0.16216216216216214,
      "f_mean_sample": 0.028664089190404977,
      "fn": 155,
      "fp": 277,
      "fp_to_fn_ratio": 1.7870967741935484,
      "n_samples_with_bus": 24,
      "precision": 0.03146853146853147,
      "recall": 0.054878048780487805,
      "tp": 9
    },
    "snare": {
      "f_aggregate": 0.059675036927621855,
      "f_max_sample": 0.3076923076923077,
      "f_mean_sample": 0.09164266680322079,
      "fn": 255,
      "fp": 2928,
      "fp_to_fn_ratio": 11.48235294117647,
      "n_samples_with_bus": 30,
      "precision": 0.03334433806536811,
      "recall": 0.28370786516853935,
      "tp": 101
    },
    "tom_hi_mid": {
      "f_aggregate": 0.03678929765886287,
      "f_max_sample": 0.1904761904761905,
      "f_mean_sample": 0.018574722379070208,
      "fn": 98,
      "fp": 478,
      "fp_to_fn_ratio": 4.877551020408164,
      "n_samples_with_bus": 23,
      "precision": 0.022494887525562373,
      "recall": 0.10091743119266056,
      "tp": 11
    }
  },
  "per_bus_shittykit_val_fixed": {
    "crash_a": {
      "f_aggregate": null,
      "f_max_sample": null,
      "f_mean_sample": null,
      "fn": 2,
      "fp": 7,
      "fp_to_fn_ratio": 3.5,
      "n_samples_with_bus": 0,
      "precision": 0.0,
      "recall": 0.0,
      "tp": 0
    },
    "crash_b_misc": {
      "f_aggregate": null,
      "f_max_sample": null,
      "f_mean_sample": null,
      "fn": 99,
      "fp": 346,
      "fp_to_fn_ratio": 3.494949494949495,
      "n_samples_with_bus": 0,
      "precision": 0.0,
      "recall": 0.0,
      "tp": 0
    },
    "floor": {
      "f_aggregate": 0.022719204827831026,
      "f_max_sample": 0.2727272727272727,
      "f_mean_sample": 0.1040330308619021,
      "fn": 537,
      "fp": 2216,
      "fp_to_fn_ratio": 4.126629422718808,
      "n_samples_with_bus": 16,
      "precision": 0.014234875444839857,
      "recall": 0.056239015817223195,
      "tp": 32
    },
    "hihat": {
      "f_aggregate": 0.032432432432432434,
      "f_max_sample": 0.4,
      "f_mean_sample": 0.12947937000645907,
      "fn": 620,
      "fp": 1349,
      "fp_to_fn_ratio": 2.175806451612903,
      "n_samples_with_bus": 24,
      "precision": 0.023878437047756874,
      "recall": 0.05053598774885146,
      "tp": 33
    },
    "kick": {
      "f_aggregate": 0.009523809523809525,
      "f_max_sample": 0.17391304347826086,
      "f_mean_sample": 0.08869994744583123,
      "fn": 983,
      "fp": 681,
      "fp_to_fn_ratio": 0.6927772126144456,
      "n_samples_with_bus": 7,
      "precision": 0.011611030478955007,
      "recall": 0.008072653884964682,
      "tp": 8
    },
    "ride": {
      "f_aggregate": null,
      "f_max_sample": null,
      "f_mean_sample": null,
      "fn": 538,
      "fp": 360,
      "fp_to_fn_ratio": 0.6691449814126395,
      "n_samples_with_bus": 0,
      "precision": 0.0,
      "recall": 0.0,
      "tp": 0
    },
    "snare": {
      "f_aggregate": 0.0971198513471663,
      "f_max_sample": 0.2956521739130435,
      "f_mean_sample": 0.10943901324462901,
      "fn": 1278,
      "fp": 13299,
      "fp_to_fn_ratio": 10.406103286384976,
      "n_samples_with_bus": 104,
      "precision": 0.055669956685365334,
      "recall": 0.3802133850630456,
      "tp": 784
    },
    "tom_hi_mid": {
      "f_aggregate": 0.009859154929577464,
      "f_max_sample": 0.2857142857142857,
      "f_mean_sample": 0.13298319327731092,