{
  "checkpoint": "artifacts/mini_l3_tcn_c128_B-planA.pt",
  "f_overall_drskit_train_fixed": 0.1219320868665082,
  "f_overall_drskit_train_tuned": 0.06386510453800116,
  "f_overall_shittykit_fixed": 0.08766855160411234,
  "f_overall_shittykit_tuned": 0.05697344168561493,
  "fixed_threshold": 0.1,
  "n_drskit_train_samples_eval": 30,
  "n_shittykit_val_samples": 115,
  "per_bus_drskit_train_fixed": {
    "crash_a": {
      "f_aggregate": null,
      "f_max_sample": null,
      "f_mean_sample": null,
      "fn": 0,
      "fp": 60,
      "fp_to_fn_ratio": null,
      "n_samples_with_bus": 0,
      "precision": 0.0,
      "recall": null,
      "tp": 0
    },
    "crash_b_misc": {
      "f_aggregate": null,
      "f_max_sample": null,
      "f_mean_sample": null,
      "fn": 36,
      "fp": 142,
      "fp_to_fn_ratio": 3.9444444444444446,
      "n_samples_with_bus": 0,
      "precision": 0.0,
      "recall": 0.0,
      "tp": 0
    },
    "floor": {
      "f_aggregate": 0.0029126213592233006,
      "f_max_sample": 0.06349206349206349,
      "f_mean_sample": 0.047619047619047616,
      "fn": 69,
      "fp": 1985,
      "fp_to_fn_ratio": 28.768115942028984,
      "n_samples_with_bus": 2,
      "precision": 0.0015090543259557343,
      "recall": 0.041666666666666664,
      "tp": 3
    },
    "hihat": {
      "f_aggregate": 0.037993920972644375,
      "f_max_sample": 0.24096385542168672,
      "f_mean_sample": 0.1269508874929851,
      "fn": 113,
      "fp": 1153,
      "fp_to_fn_ratio": 10.20353982300885,
      "n_samples_with_bus": 6,
      "precision": 0.021222410865874362,
      "recall": 0.18115942028985507,
      "tp": 25
    },
    "kick": {
      "f_aggregate": 0.005517241379310344,
      "f_max_sample": 0.045454545454545456,
      "f_mean_sample": 0.045454545454545456,
      "fn": 374,
      "fp": 347,
      "fp_to_fn_ratio": 0.9278074866310161,
      "n_samples_with_bus": 2,
      "precision": 0.0057306590257879654,
      "recall": 0.005319148936170213,
      "tp": 2
    },
    "ride": {
      "f_aggregate": 0.005128205128205128,
      "f_max_sample": 0.16666666666666666,
      "f_mean_sample": 0.16666666666666666,
      "fn": 262,
      "fp": 126,
      "fp_to_fn_ratio": 0.48091603053435117,
      "n_samples_with_bus": 1,
      "precision": 0.007874015748031496,
      "recall": 0.0038022813688212928,
      "tp": 1
    },
    "snare": {
      "f_aggregate": 0.0962515883100381,
      "f_max_sample": 0.3372093023255814,
      "f_mean_sample": 0.11951616606443552,
      "fn": 348,
      "fp": 5342,
      "fp_to_fn_ratio": 15.350574712643677,
      "n_samples_with_bus": 26,
      "precision": 0.053675819309123116,
      "recall": 0.46543778801843316,
      "tp": 303
    },
    "tom_hi_mid": {
      "f_aggregate": 0.024459078080903102,
      "f_max_sample": 0.11538461538461538,
      "f_mean_sample": 0.09974244065793361,
      "fn": 180,
      "fp": 857,
      "fp_to_fn_ratio": 4.761111111111111,
      "n_samples_with_bus": 4,
      "precision": 0.014942528735632184,
      "recall": 0.06735751295336788,
      "tp": 13
    }
  },
  "per_bus_drskit_train_tuned": {
    "crash_a": {
      "f_aggregate": null,
      "f_max_sample": 0.0,
      "f_mean_sample": 0.0,
      "fn": 0,
      "fp": 21,
      "fp_to_fn_ratio": null,
      "n_samples_with_bus": 7,
      "precision": 0.0,
      "recall": null,
      "tp": 0
    },
    "crash_b_misc": {
      "f_aggregate": 0.04395604395604396,
      "f_max_sample": 0.2,
      "f_mean_sample": 0.03471074380165289,
      "fn": 12,
      "fp": 75,
      "fp_to_fn_ratio": 6.25,
      "n_samples_with_bus": 11,
      "precision": 0.025974025974025976,
      "recall": 0.14285714285714285,
      "tp": 2
    },
    "floor": {
      "f_aggregate": 0.006389776357827476,
      "f_max_sample": 0.03680981595092025,
      "f_mean_sample": 0.0022449287410509777,
      "fn": 13,
      "fp": 1231,
      "fp_to_fn_ratio": 94.6923076923077,
      "n_samples_with_bus": 22,
      "precision": 0.0032388663967611335,
      "recall": 0.23529411764705882,
      "tp": 4
    },
    "hihat": {
      "f_aggregate": 0.029958677685950414,
      "f_max_sample": 1.0,
      "f_mean_sample": 0.1085387037610258,
      "fn": 56,
      "fp": 1822,
      "fp_to_fn_ratio": 32.535714285714285,
      "n_samples_with_bus": 24,
      "precision": 0.015667206915180983,
      "recall": 0.3411764705882353,
      "tp": 29
    },
    "kick": {
      "f_aggregate": 0.05947955390334572,
      "f_max_sample": 0.1818181818181818,
      "f_mean_sample": 0.06567646366229361,
      "fn": 191,
      "fp": 315,
      "fp_to_fn_ratio": 1.649214659685864,
      "n_samples_with_bus": 26,
      "precision": 0.04833836858006042,
      "recall": 0.07729468599033816,
      "tp": 16
    },
    "ride": {
      "f_aggregate": 0.04,
      "f_max_sample": 0.16216216216216214,
      "f_mean_sample": 0.028664089190404977,
      "fn": 155,
      "fp": 277,
      "fp_to_fn_ratio": 1.7870967741935484,
      "n_samples_with_bus": 24,
      "precision": 0.03146853146853147,
      "recall": 0.054878048780487805,
      "tp": 9
    },
    "snare": {
      "f_aggregate": 0.059675036927621855,
      "f_max_sample": 0.3076923076923077,
      "f_mean_sample": 0.09164266680322079,
      "fn": 255,
      "fp": 2928,
      "fp_to_fn_ratio": 11.48235294117647,
      "n_samples_with_bus": 30,
      "precision": 0.03334433806536811,
      "recall": 0.28370786516853935,
      "tp": 101
    },
    "tom_hi_mid": {
      "f_aggregate": 0.03678929765886287,
      "f_max_sample": 0.1904761904761905,
      "f_mean_sample": 0.018574722379070208,
      "fn": 98,
      "fp": 478,
      "fp_to_fn_ratio": 4.877551020408164,
      "n_samples_with_bus": 23,
      "precision": 0.022494887525562373,
      "recall": 0.10091743119266056,
      "tp": 11
    }
  },
  "per_bus_shittykit_val_fixed": {
    "crash_a": {
      "f_aggregate": null,
      "f_max_sample": null,
      "f_mean_sample": null,
      "fn": 2,
      "fp": 222,
      "fp_to_fn_ratio": 111.0,
      "n_samples_with_bus": 0,
      "precision": 0.0,
      "recall": 0.0,
      "tp": 0
    },
    "crash_b_misc": {
      "f_aggregate": null,
      "f_max_sample": null,
      "f_mean_sample": null,
      "fn": 99,
      "fp": 591,
      "fp_to_fn_ratio": 5.96969696969697,
      "n_samples_with_bus": 0,
      "precision": 0.0,
      "recall": 0.0,
      "tp": 0
    },
    "floor": {
      "f_aggregate": 0.023929747530186608,
      "f_max_sample": 0.1971830985915493,
      "f_mean_sample": 0.08280005921201047,
      "fn": 460,
      "fp": 8432,
      "fp_to_fn_ratio": 18.330434782608695,
      "n_samples_with_bus": 30,
      "precision": 0.012761971666081255,
      "recall": 0.19156414762741653,
      "tp": 109
    },
    "hihat": {
      "f_aggregate": 0.028424657534246573,
      "f_max_sample": 0.18421052631578946,
      "f_mean_sample": 0.0664443674412422,
      "fn": 570,
      "fp": 5104,
      "fp_to_fn_ratio": 8.95438596491228,
      "n_samples_with_bus": 42,
      "precision": 0.01600154231733179,
      "recall": 0.12710566615620214,
      "tp": 83
    },
    "kick": {
      "f_aggregate": 0.01387082791504118,
      "f_max_sample": 0.13793103448275862,
      "f_mean_sample": 0.08263969303615976,
      "fn": 975,
      "fp": 1300,
      "fp_to_fn_ratio": 1.3333333333333333,
      "n_samples_with_bus": 13,
      "precision": 0.0121580547112462,
      "recall": 0.016145307769929364,
      "tp": 16
    },
    "ride": {
      "f_aggregate": null,
      "f_max_sample": null,
      "f_mean_sample": null,
      "fn": 538,
      "fp": 517,
      "fp_to_fn_ratio": 0.9609665427509294,
      "n_samples_with_bus": 0,
      "precision": 0.0,
      "recall": 0.0,
      "tp": 0
    },
    "snare": {
      "f_aggregate": 0.0861717612809316,
      "f_max_sample": 0.3106796116504854,
      "f_mean_sample": 0.09261790121296197,
      "fn": 1026,
      "fp": 20947,
      "fp_to_fn_ratio": 20.41617933723197,
      "n_samples_with_bus": 108,
      "precision": 0.047127325660737844,