{
  "checkpoint": "artifacts/mini_l3_tcn_c128_B-planA.pt",
  "f_overall_drskit_train_fixed": 0.10479339742842043,
  "f_overall_drskit_train_tuned": 0.06386510453800116,
  "f_overall_shittykit_fixed": 0.07700195905909397,
  "f_overall_shittykit_tuned": 0.05697344168561493,
  "fixed_threshold": 0.05,
  "n_drskit_train_samples_eval": 30,
  "n_shittykit_val_samples": 115,
  "per_bus_drskit_train_fixed": {
    "crash_a": {
      "f_aggregate": null,
      "f_max_sample": null,
      "f_mean_sample": null,
      "fn": 0,
      "fp": 88,
      "fp_to_fn_ratio": null,
      "n_samples_with_bus": 0,
      "precision": 0.0,
      "recall": null,
      "tp": 0
    },
    "crash_b_misc": {
      "f_aggregate": null,
      "f_max_sample": null,
      "f_mean_sample": null,
      "fn": 36,
      "fp": 294,
      "fp_to_fn_ratio": 8.166666666666666,
      "n_samples_with_bus": 0,
      "precision": 0.0,
      "recall": 0.0,
      "tp": 0
    },
    "floor": {
      "f_aggregate": 0.002935625917383099,
      "f_max_sample": 0.04938271604938272,
      "f_mean_sample": 0.04344135802469136,
      "fn": 65,
      "fp": 4690,
      "fp_to_fn_ratio": 72.15384615384616,
      "n_samples_with_bus": 2,
      "precision": 0.0014903129657228018,
      "recall": 0.09722222222222222,
      "tp": 7
    },
    "hihat": {
      "f_aggregate": 0.026559941786428964,
      "f_max_sample": 0.17218543046357618,
      "f_mean_sample": 0.07214250305457245,
      "fn": 65,
      "fp": 5286,
      "fp_to_fn_ratio": 81.32307692307693,
      "n_samples_with_bus": 10,
      "precision": 0.013621944392610563,
      "recall": 0.5289855072463768,
      "tp": 73
    },
    "kick": {
      "f_aggregate": 0.029850746268656716,
      "f_max_sample": 0.0975609756097561,
      "f_mean_sample": 0.05970894556357569,
      "fn": 354,
      "fp": 1076,
      "fp_to_fn_ratio": 3.0395480225988702,
      "n_samples_with_bus": 14,
      "precision": 0.020036429872495445,
      "recall": 0.05851063829787234,
      "tp": 22
    },
    "ride": {
      "f_aggregate": 0.0357976653696498,
      "f_max_sample": 0.18181818181818182,
      "f_mean_sample": 0.09583182231126189,
      "fn": 240,
      "fp": 999,
      "fp_to_fn_ratio": 4.1625,
      "n_samples_with_bus": 10,
      "precision": 0.022504892367906065,
      "recall": 0.08745247148288973,
      "tp": 23
    },
    "snare": {
      "f_aggregate": 0.0929668552950687,
      "f_max_sample": 0.2869565217391304,
      "f_mean_sample": 0.11100655907097026,
      "fn": 306,
      "fp": 6426,
      "fp_to_fn_ratio": 21.0,
      "n_samples_with_bus": 26,
      "precision": 0.05095259193619849,
      "recall": 0.5299539170506913,
      "tp": 345
    },
    "tom_hi_mid": {
      "f_aggregate": 0.028791773778920306,
      "f_max_sample": 0.16666666666666666,
      "f_mean_sample": 0.10163392529729164,
      "fn": 165,
      "fp": 1724,
      "fp_to_fn_ratio": 10.44848484848485,
      "n_samples_with_bus": 6,
      "precision": 0.01598173515981735,
      "recall": 0.14507772020725387,
      "tp": 28
    }
  },
  "per_bus_drskit_train_tuned": {
    "crash_a": {
      "f_aggregate": null,
      "f_max_sample": 0.0,
      "f_mean_sample": 0.0,
      "fn": 0,
      "fp": 21,
      "fp_to_fn_ratio": null,
      "n_samples_with_bus": 7,
      "precision": 0.0,
      "recall": null,
      "tp": 0
    },
    "crash_b_misc": {
      "f_aggregate": 0.04395604395604396,
      "f_max_sample": 0.2,
      "f_mean_sample": 0.03471074380165289,
      "fn": 12,
      "fp": 75,
      "fp_to_fn_ratio": 6.25,
      "n_samples_with_bus": 11,
      "precision": 0.025974025974025976,
      "recall": 0.14285714285714285,
      "tp": 2
    },
    "floor": {
      "f_aggregate": 0.006389776357827476,
      "f_max_sample": 0.03680981595092025,
      "f_mean_sample": 0.0022449287410509777,
      "fn": 13,
      "fp": 1231,
      "fp_to_fn_ratio": 94.6923076923077,
      "n_samples_with_bus": 22,
      "precision": 0.0032388663967611335,
      "recall": 0.23529411764705882,
      "tp": 4
    },
    "hihat": {
      "f_aggregate": 0.029958677685950414,
      "f_max_sample": 1.0,
      "f_mean_sample": 0.1085387037610258,
      "fn": 56,
      "fp": 1822,
      "fp_to_fn_ratio": 32.535714285714285,
      "n_samples_with_bus": 24,
      "precision": 0.015667206915180983,
      "recall": 0.3411764705882353,
      "tp": 29
    },
    "kick": {
      "f_aggregate": 0.05947955390334572,
      "f_max_sample": 0.1818181818181818,
      "f_mean_sample": 0.06567646366229361,
      "fn": 191,
      "fp": 315,
      "fp_to_fn_ratio": 1.649214659685864,
      "n_samples_with_bus": 26,
      "precision": 0.04833836858006042,
      "recall": 0.07729468599033816,
      "tp": 16
    },
    "ride": {
      "f_aggregate": 0.04,
      "f_max_sample": 0.16216216216216214,
      "f_mean_sample": 0.028664089190404977,
      "fn": 155,
      "fp": 277,
      "fp_to_fn_ratio": 1.7870967741935484,
      "n_samples_with_bus": 24,
      "precision": 0.03146853146853147,
      "recall": 0.054878048780487805,
      "tp": 9
    },
    "snare": {
      "f_aggregate": 0.059675036927621855,
      "f_max_sample": 0.3076923076923077,
      "f_mean_sample": 0.09164266680322079,
      "fn": 255,
      "fp": 2928,
      "fp_to_fn_ratio": 11.48235294117647,
      "n_samples_with_bus": 30,
      "precision": 0.03334433806536811,
      "recall": 0.28370786516853935,
      "tp": 101
    },
    "tom_hi_mid": {
      "f_aggregate": 0.03678929765886287,
      "f_max_sample": 0.1904761904761905,
      "f_mean_sample": 0.018574722379070208,
      "fn": 98,
      "fp": 478,
      "fp_to_fn_ratio": 4.877551020408164,
      "n_samples_with_bus": 23,
      "precision": 0.022494887525562373,
      "recall": 0.10091743119266056,
      "tp": 11
    }
  },
  "per_bus_shittykit_val_fixed": {
    "crash_a": {
      "f_aggregate": null,
      "f_max_sample": null,
      "f_mean_sample": null,
      "fn": 2,
      "fp": 329,
      "fp_to_fn_ratio": 164.5,
      "n_samples_with_bus": 0,
      "precision": 0.0,
      "recall": 0.0,
      "tp": 0
    },
    "crash_b_misc": {
      "f_aggregate": null,
      "f_max_sample": null,
      "f_mean_sample": null,
      "fn": 99,
      "fp": 1167,
      "fp_to_fn_ratio": 11.787878787878787,
      "n_samples_with_bus": 0,
      "precision": 0.0,
      "recall": 0.0,
      "tp": 0
    },
    "floor": {
      "f_aggregate": 0.02145504193485469,
      "f_max_sample": 0.18009478672985782,
      "f_mean_sample": 0.05947994496784009,
      "fn": 349,
      "fp": 19719,
      "fp_to_fn_ratio": 56.50143266475645,
      "n_samples_with_bus": 39,
      "precision": 0.011033652640553688,
      "recall": 0.3866432337434095,
      "tp": 220
    },
    "hihat": {
      "f_aggregate": 0.027804810232170164,
      "f_max_sample": 0.18085106382978722,
      "f_mean_sample": 0.05110176186037155,
      "fn": 353,
      "fp": 20626,
      "fp_to_fn_ratio": 58.43059490084986,
      "n_samples_with_bus": 61,
      "precision": 0.014336232438115264,
      "recall": 0.45941807044410415,
      "tp": 300
    },
    "kick": {
      "f_aggregate": 0.020334059549745827,
      "f_max_sample": 0.25396825396825395,
      "f_mean_sample": 0.06521955560442995,
      "fn": 935,
      "fp": 4461,
      "fp_to_fn_ratio": 4.771122994652407,
      "n_samples_with_bus": 32,
      "precision": 0.012397609032543723,
      "recall": 0.056508577194752774,
      "tp": 56
    },
    "ride": {
      "f_aggregate": 0.017965169569202567,
      "f_max_sample": 0.14814814814814814,
      "f_mean_sample": 0.08571295948058835,
      "fn": 489,
      "fp": 4868,
      "fp_to_fn_ratio": 9.955010224948875,
      "n_samples_with_bus": 17,
      "precision": 0.009965426072808623,
      "recall": 0.09107806691449814,
      "tp": 49
    },
    "snare": {
      "f_aggregate": 0.08293024886084824,
      "f_max_sample": 0.3045267489711934,
      "f_mean_sample": 0.08837468209331611,
      "fn": 879,
      "fp": 25285,
      "fp_to_fn_ratio": 28.765642775881684,