{
  "checkpoint": "artifacts/mini_l3_tcn_loss-B-planA.pt",
  "f_overall_drskit_train_fixed": 0.10401369140052454,
  "f_overall_drskit_train_tuned": 0.05128990179322098,
  "f_overall_shittykit_fixed": 0.07470123410509713,
  "f_overall_shittykit_tuned": 0.053939702044182025,
  "fixed_threshold": 0.01,
  "n_drskit_train_samples_eval": 30,
  "n_shittykit_val_samples": 115,
  "per_bus_drskit_train_fixed": {
    "crash_a": {
      "f_aggregate": null,
      "f_max_sample": null,
      "f_mean_sample": null,
      "fn": 0,
      "fp": 148,
      "fp_to_fn_ratio": null,
      "n_samples_with_bus": 0,
      "precision": 0.0,
      "recall": null,
      "tp": 0
    },
    "crash_b_misc": {
      "f_aggregate": 0.006430868167202572,
      "f_max_sample": 0.06451612903225808,
      "f_mean_sample": 0.06451612903225808,
      "fn": 34,
      "fp": 584,
      "fp_to_fn_ratio": 17.176470588235293,
      "n_samples_with_bus": 2,
      "precision": 0.0034129692832764505,
      "recall": 0.05555555555555555,
      "tp": 2
    },
    "floor": {
      "f_aggregate": 0.004562489815870947,
      "f_max_sample": 0.0427807486631016,
      "f_mean_sample": 0.017454258796870663,
      "fn": 58,
      "fp": 6051,
      "fp_to_fn_ratio": 104.32758620689656,
      "n_samples_with_bus": 7,
      "precision": 0.0023083264633140975,
      "recall": 0.19444444444444445,
      "tp": 14
    },
    "hihat": {
      "f_aggregate": 0.024464831804281346,
      "f_max_sample": 0.13636363636363635,
      "f_mean_sample": 0.06767155242091945,
      "fn": 58,
      "fp": 6322,
      "fp_to_fn_ratio": 109.0,
      "n_samples_with_bus": 10,
      "precision": 0.012496094970321775,
      "recall": 0.5797101449275363,
      "tp": 80
    },
    "kick": {
      "f_aggregate": 0.060523114355231146,
      "f_max_sample": 0.1904761904761905,
      "f_mean_sample": 0.07114265125600505,
      "fn": 177,
      "fp": 6001,
      "fp_to_fn_ratio": 33.90395480225989,
      "n_samples_with_bus": 26,
      "precision": 0.03209677419354839,
      "recall": 0.5292553191489362,
      "tp": 199
    },
    "ride": {
      "f_aggregate": 0.04680232558139535,
      "f_max_sample": 0.18518518518518517,
      "f_mean_sample": 0.10644805235338316,
      "fn": 102,
      "fp": 6456,
      "fp_to_fn_ratio": 63.294117647058826,
      "n_samples_with_bus": 14,
      "precision": 0.024331267946199185,
      "recall": 0.6121673003802282,
      "tp": 161
    },
    "snare": {
      "f_aggregate": 0.09552238805970151,
      "f_max_sample": 0.2682926829268293,
      "f_mean_sample": 0.11089411019693489,
      "fn": 299,
      "fp": 6367,
      "fp_to_fn_ratio": 21.294314381270905,
      "n_samples_with_bus": 26,
      "precision": 0.0523887483256437,
      "recall": 0.5407066052227343,
      "tp": 352
    },
    "tom_hi_mid": {
      "f_aggregate": 0.029411764705882356,
      "f_max_sample": 0.12820512820512822,
      "f_mean_sample": 0.11364154660718231,
      "fn": 178,
      "fp": 812,
      "fp_to_fn_ratio": 4.561797752808989,
      "n_samples_with_bus": 4,
      "precision": 0.018137847642079808,
      "recall": 0.07772020725388601,
      "tp": 15
    }
  },
  "per_bus_drskit_train_tuned": {
    "crash_a": {
      "f_aggregate": null,
      "f_max_sample": 0.0,
      "f_mean_sample": 0.0,
      "fn": 0,
      "fp": 21,
      "fp_to_fn_ratio": null,
      "n_samples_with_bus": 21,
      "precision": 0.0,
      "recall": null,
      "tp": 0
    },
    "crash_b_misc": {
      "f_aggregate": 0.04938271604938271,
      "f_max_sample": 0.22222222222222224,
      "f_mean_sample": 0.01646090534979424,
      "fn": 12,
      "fp": 65,
      "fp_to_fn_ratio": 5.416666666666667,
      "n_samples_with_bus": 27,
      "precision": 0.029850746268656716,
      "recall": 0.14285714285714285,
      "tp": 2
    },
    "floor": {
      "f_aggregate": 0.01244296972210701,
      "f_max_sample": 0.058139534883720936,
      "f_mean_sample": 0.0050668490585116,
      "fn": 2,
      "fp": 2379,
      "fp_to_fn_ratio": 1189.5,
      "n_samples_with_bus": 30,
      "precision": 0.006265664160401002,
      "recall": 0.8823529411764706,
      "tp": 15
    },
    "hihat": {
      "f_aggregate": 0.032718412808910545,
      "f_max_sample": 1.0,
      "f_mean_sample": 0.09713250230570984,
      "fn": 38,
      "fp": 2741,
      "fp_to_fn_ratio": 72.13157894736842,
      "n_samples_with_bus": 27,
      "precision": 0.01685796269727403,
      "recall": 0.5529411764705883,
      "tp": 47
    },
    "kick": {
      "f_aggregate": 0.1452513966480447,
      "f_max_sample": 0.273972602739726,
      "f_mean_sample": 0.11133662232455296,
      "fn": 155,
      "fp": 457,
      "fp_to_fn_ratio": 2.9483870967741934,
      "n_samples_with_bus": 30,
      "precision": 0.10216110019646366,
      "recall": 0.25120772946859904,
      "tp": 52
    },
    "ride": {
      "f_aggregate": 0.08797653958944282,
      "f_max_sample": 0.22222222222222218,
      "f_mean_sample": 0.04209995208111969,
      "fn": 134,
      "fp": 488,
      "fp_to_fn_ratio": 3.6417910447761193,
      "n_samples_with_bus": 27,
      "precision": 0.05791505791505792,
      "recall": 0.18292682926829268,
      "tp": 30
    },
    "snare": {
      "f_aggregate": 0.09152915291529153,
      "f_max_sample": 0.33333333333333337,
      "f_mean_sample": 0.11002700646124011,
      "fn": 148,
      "fp": 3981,
      "fp_to_fn_ratio": 26.89864864864865,
      "n_samples_with_bus": 30,
      "precision": 0.049653855335402244,
      "recall": 0.5842696629213483,
      "tp": 208
    },
    "tom_hi_mid": {
      "f_aggregate": 0.012698412698412698,
      "f_max_sample": 0.07692307692307691,
      "f_mean_sample": 0.004945054945054944,
      "fn": 107,
      "fp": 204,
      "fp_to_fn_ratio": 1.9065420560747663,
      "n_samples_with_bus": 30,
      "precision": 0.009708737864077669,
      "recall": 0.01834862385321101,
      "tp": 2
    }
  },
  "per_bus_shittykit_val_fixed": {
    "crash_a": {
      "f_aggregate": null,
      "f_max_sample": null,
      "f_mean_sample": null,
      "fn": 2,
      "fp": 639,
      "fp_to_fn_ratio": 319.5,
      "n_samples_with_bus": 0,
      "precision": 0.0,
      "recall": 0.0,
      "tp": 0
    },
    "crash_b_misc": {
      "f_aggregate": 0.0022413149047441168,
      "f_max_sample": 0.07407407407407407,
      "f_mean_sample": 0.07021604938271604,
      "fn": 96,
      "fp": 2575,
      "fp_to_fn_ratio": 26.822916666666668,
      "n_samples_with_bus": 3,
      "precision": 0.0011636927851047323,
      "recall": 0.030303030303030304,
      "tp": 3
    },
    "floor": {
      "f_aggregate": 0.02376386225298091,
      "f_max_sample": 0.2192982456140351,
      "f_mean_sample": 0.04995013142689742,
      "fn": 284,
      "fp": 23132,
      "fp_to_fn_ratio": 81.45070422535211,
      "n_samples_with_bus": 54,
      "precision": 0.012170645257718752,
      "recall": 0.5008787346221442,
      "tp": 285
    },
    "hihat": {
      "f_aggregate": 0.028963353312683536,
      "f_max_sample": 0.17167381974248927,
      "f_mean_sample": 0.052268597718706664,
      "fn": 293,
      "fp": 23846,
      "fp_to_fn_ratio": 81.38566552901024,
      "n_samples_with_bus": 63,
      "precision": 0.014872345699413368,
      "recall": 0.5513016845329249,
      "tp": 360
    },
    "kick": {
      "f_aggregate": 0.03860257081839062,
      "f_max_sample": 0.18090452261306533,
      "f_mean_sample": 0.05259029876369844,
      "fn": 512,
      "fp": 23347,
      "fp_to_fn_ratio": 45.599609375,
      "n_samples_with_bus": 87,
      "precision": 0.020104087971123983,
      "recall": 0.48335015136226034,
      "tp": 479
    },
    "ride": {
      "f_aggregate": 0.0232339826331847,
      "f_max_sample": 0.1932367149758454,
      "f_mean_sample": 0.09984009729810563,
      "fn": 241,
      "fp": 24731,
      "fp_to_fn_ratio": 102.61825726141079,
      "n_samples_with_bus": 27,
      "precision": 0.011866709285600128,
      "recall": 0.5520446096654275,
      "tp": 297
    },