{
  "checkpoint": "artifacts/mini_l3_tcn_loss-B-planA.pt",
  "f_overall_drskit_train_fixed": 0.10301117580666366,
  "f_overall_drskit_train_tuned": 0.05128990179322098,
  "f_overall_shittykit_fixed": 0.08075868932237366,
  "f_overall_shittykit_tuned": 0.053939702044182025,
  "fixed_threshold": 0.05,
  "n_drskit_train_samples_eval": 30,
  "n_shittykit_val_samples": 115,
  "per_bus_drskit_train_fixed": {
    "crash_a": {
      "f_aggregate": null,
      "f_max_sample": null,
      "f_mean_sample": null,
      "fn": 0,
      "fp": 30,
      "fp_to_fn_ratio": null,
      "n_samples_with_bus": 0,
      "precision": 0.0,
      "recall": null,
      "tp": 0
    },
    "crash_b_misc": {
      "f_aggregate": null,
      "f_max_sample": null,
      "f_mean_sample": null,
      "fn": 36,
      "fp": 113,
      "fp_to_fn_ratio": 3.138888888888889,
      "n_samples_with_bus": 0,
      "precision": 0.0,
      "recall": 0.0,
      "tp": 0
    },
    "floor": {
      "f_aggregate": 0.004841777624070552,
      "f_max_sample": 0.04878048780487805,
      "f_mean_sample": 0.018825328964358495,
      "fn": 58,
      "fp": 5697,
      "fp_to_fn_ratio": 98.22413793103448,
      "n_samples_with_bus": 7,
      "precision": 0.002451409560497286,
      "recall": 0.19444444444444445,
      "tp": 14
    },
    "hihat": {
      "f_aggregate": 0.02445907808090311,
      "f_max_sample": 0.12931034482758622,
      "f_mean_sample": 0.06694512503795216,
      "fn": 60,
      "fp": 6162,
      "fp_to_fn_ratio": 102.7,
      "n_samples_with_bus": 10,
      "precision": 0.0125,
      "recall": 0.5652173913043478,
      "tp": 78
    },
    "kick": {
      "f_aggregate": 0.06921241050119331,
      "f_max_sample": 0.25882352941176473,
      "f_mean_sample": 0.08588851618149831,
      "fn": 318,
      "fp": 1242,
      "fp_to_fn_ratio": 3.9056603773584904,
      "n_samples_with_bus": 21,
      "precision": 0.04461538461538461,
      "recall": 0.15425531914893617,
      "tp": 58
    },
    "ride": {
      "f_aggregate": 0.04232804232804232,
      "f_max_sample": 0.22535211267605634,
      "f_mean_sample": 0.11365639555225826,
      "fn": 227,
      "fp": 1402,
      "fp_to_fn_ratio": 6.176211453744493,
      "n_samples_with_bus": 10,
      "precision": 0.025034770514603615,
      "recall": 0.13688212927756654,
      "tp": 36
    },
    "snare": {
      "f_aggregate": 0.09552238805970151,
      "f_max_sample": 0.2682926829268293,
      "f_mean_sample": 0.11089411019693489,
      "fn": 299,
      "fp": 6367,
      "fp_to_fn_ratio": 21.294314381270905,
      "n_samples_with_bus": 26,
      "precision": 0.0523887483256437,
      "recall": 0.5407066052227343,
      "tp": 352
    },
    "tom_hi_mid": {
      "f_aggregate": 0.0274442538593482,
      "f_max_sample": 0.11764705882352941,
      "f_mean_sample": 0.07746073933316183,
      "fn": 185,
      "fp": 382,
      "fp_to_fn_ratio": 2.0648648648648646,
      "n_samples_with_bus": 4,
      "precision": 0.020512820512820513,
      "recall": 0.04145077720207254,
      "tp": 8
    }
  },
  "per_bus_drskit_train_tuned": {
    "crash_a": {
      "f_aggregate": null,
      "f_max_sample": 0.0,
      "f_mean_sample": 0.0,
      "fn": 0,
      "fp": 21,
      "fp_to_fn_ratio": null,
      "n_samples_with_bus": 21,
      "precision": 0.0,
      "recall": null,
      "tp": 0
    },
    "crash_b_misc": {
      "f_aggregate": 0.04938271604938271,
      "f_max_sample": 0.22222222222222224,
      "f_mean_sample": 0.01646090534979424,
      "fn": 12,
      "fp": 65,
      "fp_to_fn_ratio": 5.416666666666667,
      "n_samples_with_bus": 27,
      "precision": 0.029850746268656716,
      "recall": 0.14285714285714285,
      "tp": 2
    },
    "floor": {
      "f_aggregate": 0.01244296972210701,
      "f_max_sample": 0.058139534883720936,
      "f_mean_sample": 0.0050668490585116,
      "fn": 2,
      "fp": 2379,
      "fp_to_fn_ratio": 1189.5,
      "n_samples_with_bus": 30,
      "precision": 0.006265664160401002,
      "recall": 0.8823529411764706,
      "tp": 15
    },
    "hihat": {
      "f_aggregate": 0.032718412808910545,
      "f_max_sample": 1.0,
      "f_mean_sample": 0.09713250230570984,
      "fn": 38,
      "fp": 2741,
      "fp_to_fn_ratio": 72.13157894736842,
      "n_samples_with_bus": 27,
      "precision": 0.01685796269727403,
      "recall": 0.5529411764705883,
      "tp": 47
    },
    "kick": {
      "f_aggregate": 0.1452513966480447,
      "f_max_sample": 0.273972602739726,
      "f_mean_sample": 0.11133662232455296,
      "fn": 155,
      "fp": 457,
      "fp_to_fn_ratio": 2.9483870967741934,
      "n_samples_with_bus": 30,
      "precision": 0.10216110019646366,
      "recall": 0.25120772946859904,
      "tp": 52
    },
    "ride": {
      "f_aggregate": 0.08797653958944282,
      "f_max_sample": 0.22222222222222218,
      "f_mean_sample": 0.04209995208111969,
      "fn": 134,
      "fp": 488,
      "fp_to_fn_ratio": 3.6417910447761193,
      "n_samples_with_bus": 27,
      "precision": 0.05791505791505792,
      "recall": 0.18292682926829268,
      "tp": 30
    },
    "snare": {
      "f_aggregate": 0.09152915291529153,
      "f_max_sample": 0.33333333333333337,
      "f_mean_sample": 0.11002700646124011,
      "fn": 148,
      "fp": 3981,
      "fp_to_fn_ratio": 26.89864864864865,
      "n_samples_with_bus": 30,
      "precision": 0.049653855335402244,
      "recall": 0.5842696629213483,
      "tp": 208
    },
    "tom_hi_mid": {
      "f_aggregate": 0.012698412698412698,
      "f_max_sample": 0.07692307692307691,
      "f_mean_sample": 0.004945054945054944,
      "fn": 107,
      "fp": 204,
      "fp_to_fn_ratio": 1.9065420560747663,
      "n_samples_with_bus": 30,
      "precision": 0.009708737864077669,
      "recall": 0.01834862385321101,
      "tp": 2
    }
  },
  "per_bus_shittykit_val_fixed": {
    "crash_a": {
      "f_aggregate": null,
      "f_max_sample": null,
      "f_mean_sample": null,
      "fn": 2,
      "fp": 119,
      "fp_to_fn_ratio": 59.5,
      "n_samples_with_bus": 0,
      "precision": 0.0,
      "recall": 0.0,
      "tp": 0
    },
    "crash_b_misc": {
      "f_aggregate": null,
      "f_max_sample": null,
      "f_mean_sample": null,
      "fn": 99,
      "fp": 486,
      "fp_to_fn_ratio": 4.909090909090909,
      "n_samples_with_bus": 0,
      "precision": 0.0,
      "recall": 0.0,
      "tp": 0
    },
    "floor": {
      "f_aggregate": 0.024206279600070164,
      "f_max_sample": 0.22831050228310504,
      "f_mean_sample": 0.0523815062322671,
      "fn": 293,
      "fp": 21959,
      "fp_to_fn_ratio": 74.94539249146757,
      "n_samples_with_bus": 53,
      "precision": 0.012412862604002699,
      "recall": 0.4850615114235501,
      "tp": 276
    },
    "hihat": {
      "f_aggregate": 0.029306441654661453,
      "f_max_sample": 0.17699115044247785,
      "f_mean_sample": 0.05279663514127925,
      "fn": 297,
      "fp": 23286,
      "fp_to_fn_ratio": 78.4040404040404,
      "n_samples_with_bus": 63,
      "precision": 0.015057947720159039,
      "recall": 0.5451761102603369,
      "tp": 356
    },
    "kick": {
      "f_aggregate": 0.04364857302742026,
      "f_max_sample": 0.30136986301369856,
      "f_mean_sample": 0.08105152930506991,
      "fn": 874,
      "fp": 4253,
      "fp_to_fn_ratio": 4.866132723112128,
      "n_samples_with_bus": 49,
      "precision": 0.02677345537757437,
      "recall": 0.11806256306760847,
      "tp": 117
    },
    "ride": {
      "f_aggregate": 0.02017872585759585,
      "f_max_sample": 0.19178082191780824,
      "f_mean_sample": 0.09795983128572279,
      "fn": 468,
      "fp": 6330,
      "fp_to_fn_ratio": 13.525641025641026,
      "n_samples_with_bus": 20,
      "precision": 0.0109375,
      "recall": 0.13011152416356878,
      "tp": 70
    },
    "snare": {
      "f_aggregate": 0.08620751792986629,
      "f_max_sample": 0.2903225806451613,
      "f_mean_sample": 0.09064440084301197,
      "fn": 866,
      "fp": 24489,
      "fp_to_fn_ratio": 28.278290993071593,