{
  "checkpoint": "artifacts/mini_l3_tcn_c64_B_allfixes.pt",
  "f_overall_drskit_train_fixed": 0.1316620796551873,
  "f_overall_drskit_train_tuned": 0.16020964074355917,
  "f_overall_shittykit_fixed": 0.1191060292796664,
  "f_overall_shittykit_tuned": 0.09930456710331331,
  "fixed_threshold": 0.1,
  "n_drskit_train_samples_eval": 30,
  "n_shittykit_val_samples": 115,
  "per_bus_drskit_train_fixed": {
    "crash_a": {
      "f_aggregate": null,
      "f_max_sample": null,
      "f_mean_sample": null,
      "fn": 0,
      "fp": 0,
      "fp_to_fn_ratio": null,
      "n_samples_with_bus": 0,
      "precision": null,
      "recall": null,
      "tp": 0
    },
    "crash_b_misc": {
      "f_aggregate": null,
      "f_max_sample": null,
      "f_mean_sample": null,
      "fn": 28,
      "fp": 791,
      "fp_to_fn_ratio": 28.25,
      "n_samples_with_bus": 0,
      "precision": 0.0,
      "recall": 0.0,
      "tp": 0
    },
    "floor": {
      "f_aggregate": 0.00998003992015968,
      "f_max_sample": 0.20000000000000004,
      "f_mean_sample": 0.05000684764045107,
      "fn": 61,
      "fp": 931,
      "fp_to_fn_ratio": 15.262295081967213,
      "n_samples_with_bus": 5,
      "precision": 0.005341880341880342,
      "recall": 0.07575757575757576,
      "tp": 5
    },
    "hihat": {
      "f_aggregate": 0.05103042198233562,
      "f_max_sample": 0.1818181818181818,
      "f_mean_sample": 0.08902413562816434,
      "fn": 64,
      "fp": 903,
      "fp_to_fn_ratio": 14.109375,
      "n_samples_with_bus": 6,
      "precision": 0.02798708288482239,
      "recall": 0.28888888888888886,
      "tp": 26
    },
    "kick": {
      "f_aggregate": 0.0653505786249149,
      "f_max_sample": 0.26666666666666666,
      "f_mean_sample": 0.1219917908025446,
      "fn": 204,
      "fp": 1169,
      "fp_to_fn_ratio": 5.730392156862745,
      "n_samples_with_bus": 16,
      "precision": 0.03944124897288414,
      "recall": 0.19047619047619047,
      "tp": 48
    },
    "ride": {
      "f_aggregate": 0.10614525139664806,
      "f_max_sample": 0.21428571428571425,
      "f_mean_sample": 0.13312187643012996,
      "fn": 130,
      "fp": 190,
      "fp_to_fn_ratio": 1.4615384615384615,
      "n_samples_with_bus": 9,
      "precision": 0.09090909090909091,
      "recall": 0.12751677852348994,
      "tp": 19
    },
    "snare": {
      "f_aggregate": 0.09502664298401421,
      "f_max_sample": 0.27777777777777785,
      "f_mean_sample": 0.1289050575157385,
      "fn": 320,
      "fp": 1718,
      "fp_to_fn_ratio": 5.36875,
      "n_samples_with_bus": 21,
      "precision": 0.05863013698630137,
      "recall": 0.2505854800936768,
      "tp": 107
    },
    "tom_hi_mid": {
      "f_aggregate": 0.03003003003003003,
      "f_max_sample": 0.16216216216216214,
      "f_mean_sample": 0.1341278043405703,
      "fn": 105,
      "fp": 864,
      "fp_to_fn_ratio": 8.228571428571428,
      "n_samples_with_bus": 4,
      "precision": 0.017064846416382253,
      "recall": 0.125,
      "tp": 15
    }
  },
  "per_bus_drskit_train_tuned": {
    "crash_a": {
      "f_aggregate": null,
      "f_max_sample": null,
      "f_mean_sample": null,
      "fn": 0,
      "fp": 0,
      "fp_to_fn_ratio": null,
      "n_samples_with_bus": 0,
      "precision": null,
      "recall": null,
      "tp": 0
    },
    "crash_b_misc": {
      "f_aggregate": 0.02469135802469136,
      "f_max_sample": 0.25,
      "f_mean_sample": 0.03148148148148148,
      "fn": 10,
      "fp": 148,
      "fp_to_fn_ratio": 14.8,
      "n_samples_with_bus": 15,
      "precision": 0.013333333333333334,
      "recall": 0.16666666666666666,
      "tp": 2
    },
    "floor": {
      "f_aggregate": 0.019083969465648856,
      "f_max_sample": 1.0,
      "f_mean_sample": 0.08151617034902338,
      "fn": 7,
      "fp": 1021,
      "fp_to_fn_ratio": 145.85714285714286,
      "n_samples_with_bus": 24,
      "precision": 0.009699321047526674,
      "recall": 0.5882352941176471,
      "tp": 10
    },
    "hihat": {
      "f_aggregate": 0.07591623036649214,
      "f_max_sample": 0.4444444444444445,
      "f_mean_sample": 0.10703736550379604,
      "fn": 56,
      "fp": 650,
      "fp_to_fn_ratio": 11.607142857142858,
      "n_samples_with_bus": 22,
      "precision": 0.042709867452135494,
      "recall": 0.3411764705882353,
      "tp": 29
    },
    "kick": {
      "f_aggregate": 0.11222780569514237,
      "f_max_sample": 0.7499999999999999,
      "f_mean_sample": 0.24844638943588018,
      "fn": 140,
      "fp": 920,
      "fp_to_fn_ratio": 6.571428571428571,
      "n_samples_with_bus": 28,
      "precision": 0.06788247213779129,
      "recall": 0.32367149758454106,
      "tp": 67
    },
    "ride": {
      "f_aggregate": 0.26498422712933756,
      "f_max_sample": 0.6666666666666666,
      "f_mean_sample": 0.19143776802220308,
      "fn": 122,
      "fp": 111,
      "fp_to_fn_ratio": 0.9098360655737705,
      "n_samples_with_bus": 22,
      "precision": 0.27450980392156865,
      "recall": 0.25609756097560976,
      "tp": 42
    },
    "snare": {
      "f_aggregate": 0.14350355526826117,
      "f_max_sample": 0.64,
      "f_mean_sample": 0.199619112397134,
      "fn": 245,
      "fp": 1080,
      "fp_to_fn_ratio": 4.408163265306122,
      "n_samples_with_bus": 28,
      "precision": 0.09319899244332494,
      "recall": 0.31179775280898875,
      "tp": 111
    },
    "tom_hi_mid": {
      "f_aggregate": 0.04766269477543538,
      "f_max_sample": 1.0,
      "f_mean_sample": 0.08830421715037098,
      "fn": 83,
      "fp": 956,
      "fp_to_fn_ratio": 11.518072289156626,
      "n_samples_with_bus": 26,
      "precision": 0.026476578411405296,
      "recall": 0.23853211009174313,
      "tp": 26
    }
  },
  "per_bus_shittykit_val_fixed": {
    "crash_a": {
      "f_aggregate": null,
      "f_max_sample": null,
      "f_mean_sample": null,
      "fn": 0,
      "fp": 0,
      "fp_to_fn_ratio": null,
      "n_samples_with_bus": 0,
      "precision": null,
      "recall": null,
      "tp": 0
    },
    "crash_b_misc": {
      "f_aggregate": 0.0008045052292839903,
      "f_max_sample": 0.25,
      "f_mean_sample": 0.25,
      "fn": 76,
      "fp": 2408,
      "fp_to_fn_ratio": 31.68421052631579,
      "n_samples_with_bus": 1,
      "precision": 0.00041511000415110004,
      "recall": 0.012987012987012988,
      "tp": 1
    },
    "floor": {
      "f_aggregate": 0.031995937023869984,
      "f_max_sample": 0.20689655172413793,
      "f_mean_sample": 0.08871193910503294,
      "fn": 317,
      "fp": 3495,
      "fp_to_fn_ratio": 11.025236593059937,
      "n_samples_with_bus": 28,
      "precision": 0.01770657672849916,
      "recall": 0.16578947368421051,
      "tp": 63
    },
    "hihat": {
      "f_aggregate": 0.03644107903454804,
      "f_max_sample": 0.26666666666666666,
      "f_mean_sample": 0.10312241752176901,
      "fn": 336,
      "fp": 3736,
      "fp_to_fn_ratio": 11.119047619047619,
      "n_samples_with_bus": 30,
      "precision": 0.02019407290847102,
      "recall": 0.1864406779661017,
      "tp": 77
    },
    "kick": {
      "f_aggregate": 0.035257005010205976,
      "f_max_sample": 0.23529411764705882,
      "f_mean_sample": 0.07961914146102626,
      "fn": 574,
      "fp": 4625,
      "fp_to_fn_ratio": 8.057491289198607,
      "n_samples_with_bus": 54,
      "precision": 0.020127118644067795,
      "recall": 0.14200298953662183,
      "tp": 95
    },
    "ride": {
      "f_aggregate": 0.0841638981173865,
      "f_max_sample": 0.2777777777777778,
      "f_mean_sample": 0.14687652133442314,
      "fn": 309,
      "fp": 518,
      "fp_to_fn_ratio": 1.6763754045307444,
      "n_samples_with_bus": 14,
      "precision": 0.0683453237410072,
      "recall": 0.10951008645533142,
      "tp": 38
    },
    "snare": {
      "f_aggregate": 0.10538724507839209,
      "f_max_sample": 0.4,
      "f_mean_sample": 0.12018329214641536,
      "fn": 919,
      "fp": 6670,
      "fp_to_fn_ratio": 7.257889009793254,
      "n_samples_with_bus": 100,