{
  "checkpoint": "artifacts/mini_l3_tcn_loss-B-planA.pt",
  "threshold": 0.1,
  "frame_hz": 344.53125,
  "results_by_crop": {
    "full": {
      "skip_frames": 0,
      "skip_seconds": 0.0,
      "f_shitty_macro": 0.08875928576093654,
      "f_drs_macro": 0.11843527085576593,
      "shitty_total_TP": 1710,
      "shitty_total_FP": 55474,
      "shitty_total_FN": 3686,
      "shitty_precision": 0.02990346950195859,
      "shitty_recall": 0.31690140845070425,
      "shitty_f_micro": 0.05465004793863854,
      "shitty_per_bus": {
        "kick": {
          "tp": 36,
          "fp": 1387,
          "fn": 955,
          "precision": 0.025298664792691498,
          "recall": 0.03632694248234107,
          "f_aggregate": 0.02982601491300746,
          "f_mean_sample": 0.09772932063423906,
          "f_max_sample": 0.21428571428571427,
          "n_samples_with_bus": 26,
          "fp_to_fn_ratio": 1.4523560209424085
        },
        "snare": {
          "tp": 1186,
          "fp": 24076,
          "fn": 876,
          "precision": 0.046947985115984484,
          "recall": 0.5751697381183317,
          "f_aggregate": 0.08681013028839116,
          "f_mean_sample": 0.09155849737569932,
          "f_max_sample": 0.29629629629629634,
          "n_samples_with_bus": 108,
          "fp_to_fn_ratio": 27.484018264840184
        },
        "hihat": {
          "tp": 298,
          "fp": 17677,
          "fn": 355,
          "precision": 0.016578581363004174,
          "recall": 0.4563552833078101,
          "f_aggregate": 0.03199484646768306,
          "f_mean_sample": 0.059125982654040045,
          "f_max_sample": 0.1967213114754098,
          "n_samples_with_bus": 60,
          "fp_to_fn_ratio": 49.7943661971831
        },
        "tom_hi_mid": {
          "tp": 8,
          "fp": 809,
          "fn": 474,
          "precision": 0.009791921664626682,
          "recall": 0.016597510373443983,
          "f_aggregate": 0.012317167051578136,
          "f_mean_sample": 0.1180872954960176,
          "f_max_sample": 0.2,
          "n_samples_with_bus": 6,
          "fp_to_fn_ratio": 1.7067510548523206
        },
        "floor": {
          "tp": 180,
          "fp": 10197,
          "fn": 389,
          "precision": 0.017346053772766695,
          "recall": 0.3163444639718805,
          "f_aggregate": 0.032888726475424804,
          "f_mean_sample": 0.0869849036269319,
          "f_max_sample": 0.2481751824817518,
          "n_samples_with_bus": 36,
          "fp_to_fn_ratio": 26.213367609254497
        },
        "ride": {
          "tp": 2,
          "fp": 981,
          "fn": 536,
          "precision": 0.002034587995930824,
          "recall": 0.0037174721189591076,
          "f_aggregate": 0.0026298487836949377,
          "f_mean_sample": 0.08888888888888889,
          "f_max_sample": 0.11111111111111112,
          "n_samples_with_bus": 2,
          "fp_to_fn_ratio": 1.830223880597015
        },
        "crash_a": {
          "tp": 0,
          "fp": 115,
          "fn": 2,
          "precision": 0.0,
          "recall": 0.0,
          "f_aggregate": null,
          "f_mean_sample": null,
          "f_max_sample": null,
          "n_samples_with_bus": 0,
          "fp_to_fn_ratio": 57.5
        },
        "crash_b_misc": {
          "tp": 0,
          "fp": 232,
          "fn": 99,
          "precision": 0.0,
          "recall": 0.0,
          "f_aggregate": null,
          "f_mean_sample": null,
          "f_max_sample": null,
          "n_samples_with_bus": 0,
          "fp_to_fn_ratio": 2.3434343434343434
        }
      },
      "drs_per_bus": {
        "kick": {
          "tp": 12,
          "fp": 463,
          "fn": 364,
          "precision": 0.02526315789473684,
          "recall": 0.031914893617021274,
          "f_aggregate": 0.0282021151586369,
          "f_mean_sample": 0.12753768173936242,
          "f_max_sample": 0.19999999999999998,
          "n_samples_with_bus": 6,
          "fp_to_fn_ratio": 1.271978021978022
        },
        "snare": {
          "tp": 347,
          "fp": 6210,
          "fn": 304,
          "precision": 0.05292054293121855,
          "recall": 0.533026113671275,
          "f_aggregate": 0.0962819089900111,
          "f_mean_sample": 0.1130386901704811,
          "f_max_sample": 0.2794759825327511,
          "n_samples_with_bus": 26,
          "fp_to_fn_ratio": 20.42763157894737
        },
        "hihat": {
          "tp": 70,
          "fp": 4584,
          "fn": 68,
          "precision": 0.015040825096691019,
          "recall": 0.5072463768115942,
          "f_aggregate": 0.02921535893155259,
          "f_mean_sample": 0.07383683152866576,
          "f_max_sample": 0.15384615384615383,
          "n_samples_with_bus": 10,
          "fp_to_fn_ratio": 67.41176470588235
        },
        "tom_hi_mid": {
          "tp": 4,
          "fp": 194,
          "fn": 189,
          "precision": 0.020202020202020204,
          "recall": 0.02072538860103627,
          "f_aggregate": 0.020460358056265986,
          "f_mean_sample": 0.08116883116883117,
          "f_max_sample": 0.09090909090909091,
          "n_samples_with_bus": 2,
          "fp_to_fn_ratio": 1.0264550264550265
        },
        "floor": {
          "tp": 6,
          "fp": 2570,
          "fn": 66,
          "precision": 0.002329192546583851,
          "recall": 0.08333333333333333,
          "f_aggregate": 0.004531722054380664,
          "f_mean_sample": 0.05911473500291206,
          "f_max_sample": 0.0594059405940594,
          "n_samples_with_bus": 2,
          "fp_to_fn_ratio": 38.93939393939394
        },
        "ride": {
          "tp": 4,
          "fp": 238,
          "fn": 259,
          "precision": 0.01652892561983471,
          "recall": 0.015209125475285171,
          "f_aggregate": 0.015841584158415842,
          "f_mean_sample": 0.14057239057239057,
          "f_max_sample": 0.25,
          "n_samples_with_bus": 3,
          "fp_to_fn_ratio": 0.918918918918919
        },
        "crash_a": {
          "tp": 0,
          "fp": 30,
          "fn": 0,
          "precision": 0.0,
          "recall": null,
          "f_aggregate": null,
          "f_mean_sample": null,
          "f_max_sample": null,
          "n_samples_with_bus": 0,
          "fp_to_fn_ratio": null
        },
        "crash_b_misc": {
          "tp": 0,
          "fp": 65,
          "fn": 36,
          "precision": 0.0,
          "recall": 0.0,
          "f_aggregate": null,
          "f_mean_sample": null,
          "f_max_sample": null,
          "n_samples_with_bus": 0,
          "fp_to_fn_ratio": 1.8055555555555556
        }
      }
    },
    "crop_0.5s": {
      "skip_frames": 172,
      "skip_seconds": 0.4992290249433107,
      "f_shitty_macro": 0.09693770194684215,
      "f_drs_macro": 0.12433791307734478,
      "shitty_total_TP": 1579,
      "shitty_total_FP": 46978,
      "shitty_total_FN": 3594,
      "shitty_precision": 0.032518483431842986,
      "shitty_recall": 0.3052387396095109,
      "shitty_f_micro": 0.05877535827284571,
      "shitty_per_bus": {
        "kick": {
          "tp": 25,
          "fp": 429,
          "fn": 931,
          "precision": 0.05506607929515418,
          "recall": 0.02615062761506276,
          "f_aggregate": 0.035460992907801414,
          "f_mean_sample": 0.1464163135250401,
          "f_max_sample": 0.30769230769230765,
          "n_samples_with_bus": 21,
          "fp_to_fn_ratio": 0.4607948442534909
        },
        "snare": {
          "tp": 1096,
          "fp": 20637,
          "fn": 876,
          "precision": 0.05043022132241292,
          "recall": 0.5557809330628803,
          "f_aggregate": 0.09246994304998946,
          "f_mean_sample": 0.09731443746436105,
          "f_max_sample": 0.2941176470588235,
          "n_samples_with_bus": 108,
          "fp_to_fn_ratio": 23.55821917808219
        },
        "hihat": {
          "tp": 290,
          "fp": 17205,
          "fn": 327,