{
  "checkpoint": "artifacts/mini_l3_tcn_loss-H.pt",
  "f_overall_drskit_train_fixed": 0.10692509709720704,
  "f_overall_drskit_train_tuned": 0.056819966299457285,
  "f_overall_shittykit_fixed": 0.07359716935304195,
  "f_overall_shittykit_tuned": 0.05385916411219729,
  "fixed_threshold": 0.1,
  "n_drskit_train_samples_eval": 30,
  "n_shittykit_val_samples": 115,
  "per_bus_drskit_train_fixed": {
    "crash_a": {
      "f_aggregate": null,
      "f_max_sample": null,
      "f_mean_sample": null,
      "fn": 0,
      "fp": 61,
      "fp_to_fn_ratio": null,
      "n_samples_with_bus": 0,
      "precision": 0.0,
      "recall": null,
      "tp": 0
    },
    "crash_b_misc": {
      "f_aggregate": null,
      "f_max_sample": null,
      "f_mean_sample": null,
      "fn": 36,
      "fp": 111,
      "fp_to_fn_ratio": 3.0833333333333335,
      "n_samples_with_bus": 0,
      "precision": 0.0,
      "recall": 0.0,
      "tp": 0
    },
    "floor": {
      "f_aggregate": 0.004791136397664321,
      "f_max_sample": 0.04830917874396136,
      "f_mean_sample": 0.01915168632792166,
      "fn": 56,
      "fp": 6591,
      "fp_to_fn_ratio": 117.69642857142857,
      "n_samples_with_bus": 7,
      "precision": 0.0024216739821401544,
      "recall": 0.2222222222222222,
      "tp": 16
    },
    "hihat": {
      "f_aggregate": 0.023489458044431866,
      "f_max_sample": 0.13278008298755187,
      "f_mean_sample": 0.06582659529669764,
      "fn": 55,
      "fp": 6846,
      "fp_to_fn_ratio": 124.47272727272727,
      "n_samples_with_bus": 10,
      "precision": 0.011978640496464136,
      "recall": 0.6014492753623188,
      "tp": 83
    },
    "kick": {
      "f_aggregate": 0.05931198102016607,
      "f_max_sample": 0.17777777777777776,
      "f_mean_sample": 0.07980714968517055,
      "fn": 276,
      "fp": 2896,
      "fp_to_fn_ratio": 10.492753623188406,
      "n_samples_with_bus": 21,
      "precision": 0.03337783711615487,
      "recall": 0.26595744680851063,
      "tp": 100
    },
    "ride": {
      "f_aggregate": 0.048259860788863115,
      "f_max_sample": 0.19138755980861244,
      "f_mean_sample": 0.10862442993941146,
      "fn": 107,
      "fp": 6046,
      "fp_to_fn_ratio": 56.504672897196265,
      "n_samples_with_bus": 14,
      "precision": 0.025153176394711384,
      "recall": 0.5931558935361216,
      "tp": 156
    },
    "snare": {
      "f_aggregate": 0.09463806970509384,
      "f_max_sample": 0.26612903225806456,
      "f_mean_sample": 0.11083506949308715,
      "fn": 298,
      "fp": 6456,
      "fp_to_fn_ratio": 21.664429530201343,
      "n_samples_with_bus": 26,
      "precision": 0.051843148773681895,
      "recall": 0.5422427035330261,
      "tp": 353
    },
    "tom_hi_mid": {
      "f_aggregate": 0.030996309963099627,
      "f_max_sample": 0.18918918918918917,
      "f_mean_sample": 0.13717761706070933,
      "fn": 172,
      "fp": 1141,
      "fp_to_fn_ratio": 6.633720930232558,
      "n_samples_with_bus": 4,
      "precision": 0.018072289156626505,
      "recall": 0.10880829015544041,
      "tp": 21
    }
  },
  "per_bus_drskit_train_tuned": {
    "crash_a": {
      "f_aggregate": null,
      "f_max_sample": 0.0,
      "f_mean_sample": 0.0,
      "fn": 0,
      "fp": 274,
      "fp_to_fn_ratio": null,
      "n_samples_with_bus": 12,
      "precision": 0.0,
      "recall": null,
      "tp": 0
    },
    "crash_b_misc": {
      "f_aggregate": 0.007476635514018692,
      "f_max_sample": 0.25,
      "f_mean_sample": 0.0225,
      "fn": 12,
      "fp": 519,
      "fp_to_fn_ratio": 43.25,
      "n_samples_with_bus": 20,
      "precision": 0.003838771593090211,
      "recall": 0.14285714285714285,
      "tp": 2
    },
    "floor": {
      "f_aggregate": 0.006846188954815153,
      "f_max_sample": 0.05917159763313609,
      "f_mean_sample": 0.004907620080321623,
      "fn": 2,
      "fp": 4350,
      "fp_to_fn_ratio": 2175.0,
      "n_samples_with_bus": 30,
      "precision": 0.003436426116838488,
      "recall": 0.8823529411764706,
      "tp": 15
    },
    "hihat": {
      "f_aggregate": 0.02472453641494222,
      "f_max_sample": 0.6666666666666666,
      "f_mean_sample": 0.05626027232599186,
      "fn": 39,
      "fp": 3590,
      "fp_to_fn_ratio": 92.05128205128206,
      "n_samples_with_bus": 30,
      "precision": 0.012651265126512651,
      "recall": 0.5411764705882353,
      "tp": 46
    },
    "kick": {
      "f_aggregate": 0.05069444444444445,
      "f_max_sample": 0.2105263157894737,
      "f_mean_sample": 0.07325341681484379,
      "fn": 134,
      "fp": 2600,
      "fp_to_fn_ratio": 19.402985074626866,
      "n_samples_with_bus": 30,
      "precision": 0.027310138421249533,
      "recall": 0.3526570048309179,
      "tp": 73
    },
    "ride": {
      "f_aggregate": 0.052419354838709686,
      "f_max_sample": 0.26415094339622647,
      "f_mean_sample": 0.05500079951690453,
      "fn": 73,
      "fp": 3217,
      "fp_to_fn_ratio": 44.06849315068493,
      "n_samples_with_bus": 30,
      "precision": 0.02750906892382104,
      "recall": 0.5548780487804879,
      "tp": 91
    },
    "snare": {
      "f_aggregate": 0.08756497401039585,
      "f_max_sample": 0.3111111111111111,
      "f_mean_sample": 0.12158277821071509,
      "fn": 137,
      "fp": 4427,
      "fp_to_fn_ratio": 32.31386861313869,
      "n_samples_with_bus": 30,
      "precision": 0.047137322427894965,
      "recall": 0.6151685393258427,
      "tp": 219
    },
    "tom_hi_mid": {
      "f_aggregate": 0.06786761625471302,
      "f_max_sample": 0.2872340425531915,
      "f_mean_sample": 0.04131192052115738,
      "fn": 28,
      "fp": 2197,
      "fp_to_fn_ratio": 78.46428571428571,
      "n_samples_with_bus": 22,
      "precision": 0.03555750658472344,
      "recall": 0.7431192660550459,
      "tp": 81
    }
  },
  "per_bus_shittykit_val_fixed": {
    "crash_a": {
      "f_aggregate": null,
      "f_max_sample": null,
      "f_mean_sample": null,
      "fn": 2,
      "fp": 244,
      "fp_to_fn_ratio": 122.0,
      "n_samples_with_bus": 0,
      "precision": 0.0,
      "recall": 0.0,
      "tp": 0
    },
    "crash_b_misc": {
      "f_aggregate": null,
      "f_max_sample": null,
      "f_mean_sample": null,
      "fn": 99,
      "fp": 555,
      "fp_to_fn_ratio": 5.606060606060606,
      "n_samples_with_bus": 0,
      "precision": 0.0,
      "recall": 0.0,
      "tp": 0
    },
    "floor": {
      "f_aggregate": 0.022938328438764984,
      "f_max_sample": 0.21008403361344538,
      "f_mean_sample": 0.049189783173251046,
      "fn": 280,
      "fp": 24340,
      "fp_to_fn_ratio": 86.92857142857143,
      "n_samples_with_bus": 53,
      "precision": 0.011734134556823258,
      "recall": 0.507908611599297,
      "tp": 289
    },
    "hihat": {
      "f_aggregate": 0.02650815919663295,
      "f_max_sample": 0.16935483870967744,
      "f_mean_sample": 0.04774407855822616,
      "fn": 294,
      "fp": 26074,
      "fp_to_fn_ratio": 88.68707482993197,
      "n_samples_with_bus": 63,
      "precision": 0.013581507963530436,
      "recall": 0.5497702909647779,
      "tp": 359
    },
    "kick": {
      "f_aggregate": 0.033619723571161754,
      "f_max_sample": 0.17054263565891473,
      "f_mean_sample": 0.0536303342491122,
      "fn": 766,
      "fp": 12169,
      "fp_to_fn_ratio": 15.886422976501306,
      "n_samples_with_bus": 67,
      "precision": 0.018153945457479427,
      "recall": 0.22704339051463168,
      "tp": 225
    },
    "ride": {
      "f_aggregate": 0.022950561974377115,
      "f_max_sample": 0.18269230769230768,
      "f_mean_sample": 0.09899285795652443,
      "fn": 246,
      "fp": 24616,
      "fp_to_fn_ratio": 100.0650406504065,
      "n_samples_with_bus": 27,
      "precision": 0.011723141159466838,
      "recall": 0.5427509293680297,
      "tp": 292
    },
    "snare": {
      "f_aggregate": 0.0857163437297414,
      "f_max_sample": 0.3045267489711934,
      "f_mean_sample": 0.09017150002075582,
      "fn": 872,
      "fp": 24514,