{
  "checkpoint": "artifacts/mini_l3_tcn_loss-C.pt",
  "f_overall_drskit_train_fixed": 0.10425579437208678,
  "f_overall_drskit_train_tuned": 0.06242451601529863,
  "f_overall_shittykit_fixed": 0.06889763586149997,
  "f_overall_shittykit_tuned": 0.05473024702170849,
  "fixed_threshold": 0.1,
  "n_drskit_train_samples_eval": 30,
  "n_shittykit_val_samples": 115,
  "per_bus_drskit_train_fixed": {
    "crash_a": {
      "f_aggregate": null,
      "f_max_sample": null,
      "f_mean_sample": null,
      "fn": 0,
      "fp": 341,
      "fp_to_fn_ratio": null,
      "n_samples_with_bus": 0,
      "precision": 0.0,
      "recall": null,
      "tp": 0
    },
    "crash_b_misc": {
      "f_aggregate": 0.0032336297493936947,
      "f_max_sample": 0.04081632653061224,
      "f_mean_sample": 0.04040816326530612,
      "fn": 34,
      "fp": 1199,
      "fp_to_fn_ratio": 35.26470588235294,
      "n_samples_with_bus": 2,
      "precision": 0.0016652789342214821,
      "recall": 0.05555555555555555,
      "tp": 2
    },
    "floor": {
      "f_aggregate": 0.004899709079773389,
      "f_max_sample": 0.05128205128205128,
      "f_mean_sample": 0.02029864928753969,
      "fn": 56,
      "fp": 6443,
      "fp_to_fn_ratio": 115.05357142857143,
      "n_samples_with_bus": 7,
      "precision": 0.002477163647623471,
      "recall": 0.2222222222222222,
      "tp": 16
    },
    "hihat": {
      "f_aggregate": 0.024464831804281346,
      "f_max_sample": 0.12820512820512822,
      "f_mean_sample": 0.06664735971935695,
      "fn": 54,
      "fp": 6645,
      "fp_to_fn_ratio": 123.05555555555556,
      "n_samples_with_bus": 10,
      "precision": 0.012483281319661168,
      "recall": 0.6086956521739131,
      "tp": 84
    },
    "kick": {
      "f_aggregate": 0.055971731448763246,
      "f_max_sample": 0.18095238095238098,
      "f_mean_sample": 0.06564686981070506,
      "fn": 178,
      "fp": 6501,
      "fp_to_fn_ratio": 36.52247191011236,
      "n_samples_with_bus": 26,
      "precision": 0.029556650246305417,
      "recall": 0.526595744680851,
      "tp": 198
    },
    "ride": {
      "f_aggregate": 0.046266471449487555,
      "f_max_sample": 0.17857142857142858,
      "f_mean_sample": 0.10163889337157618,
      "fn": 105,
      "fp": 6409,
      "fp_to_fn_ratio": 61.03809523809524,
      "n_samples_with_bus": 14,
      "precision": 0.024059692401400944,
      "recall": 0.6007604562737643,
      "tp": 158
    },
    "snare": {
      "f_aggregate": 0.09296148738379814,
      "f_max_sample": 0.26938775510204077,
      "f_mean_sample": 0.11062860902127253,
      "fn": 301,
      "fp": 6529,
      "fp_to_fn_ratio": 21.691029900332225,
      "n_samples_with_bus": 26,
      "precision": 0.05087948829771769,
      "recall": 0.5376344086021505,
      "tp": 350
    },
    "tom_hi_mid": {
      "f_aggregate": 0.03127326880119136,
      "f_max_sample": 0.25396825396825395,
      "f_mean_sample": 0.07784972020829975,
      "fn": 88,
      "fp": 6417,
      "fp_to_fn_ratio": 72.92045454545455,
      "n_samples_with_bus": 10,
      "precision": 0.01609935602575897,
      "recall": 0.5440414507772021,
      "tp": 105
    }
  },
  "per_bus_drskit_train_tuned": {
    "crash_a": {
      "f_aggregate": null,
      "f_max_sample": 0.0,
      "f_mean_sample": 0.0,
      "fn": 0,
      "fp": 430,
      "fp_to_fn_ratio": null,
      "n_samples_with_bus": 9,
      "precision": 0.0,
      "recall": null,
      "tp": 0
    },
    "crash_b_misc": {
      "f_aggregate": 0.0011210762331838565,
      "f_max_sample": 0.18181818181818182,
      "f_mean_sample": 0.012121212121212121,
      "fn": 12,
      "fp": 1770,
      "fp_to_fn_ratio": 147.5,
      "n_samples_with_bus": 15,
      "precision": 0.000564652738565782,
      "recall": 0.07692307692307693,
      "tp": 1
    },
    "floor": {
      "f_aggregate": 0.00881057268722467,
      "f_max_sample": 0.04926108374384236,
      "f_mean_sample": 0.005135818239888885,
      "fn": 1,
      "fp": 3599,
      "fp_to_fn_ratio": 3599.0,
      "n_samples_with_bus": 27,
      "precision": 0.004426002766251729,
      "recall": 0.9411764705882353,
      "tp": 16
    },
    "hihat": {
      "f_aggregate": 0.028962611901000527,
      "f_max_sample": 0.34782608695652173,
      "f_mean_sample": 0.045760188988393534,
      "fn": 30,
      "fp": 3658,
      "fp_to_fn_ratio": 121.93333333333334,
      "n_samples_with_bus": 24,
      "precision": 0.014812819822246161,
      "recall": 0.6470588235294118,
      "tp": 55
    },
    "kick": {
      "f_aggregate": 0.061317183951551855,
      "f_max_sample": 0.25,
      "f_mean_sample": 0.0870498135955613,
      "fn": 126,
      "fp": 2354,
      "fp_to_fn_ratio": 18.682539682539684,
      "n_samples_with_bus": 30,
      "precision": 0.03326488706365503,
      "recall": 0.391304347826087,
      "tp": 81
    },
    "ride": {
      "f_aggregate": 0.04911993450675399,
      "f_max_sample": 0.19354838709677422,
      "f_mean_sample": 0.06294659831822808,
      "fn": 104,
      "fp": 2219,
      "fp_to_fn_ratio": 21.33653846153846,
      "n_samples_with_bus": 20,
      "precision": 0.02632733655111891,
      "recall": 0.36585365853658536,
      "tp": 60
    },
    "snare": {
      "f_aggregate": 0.07490938380990736,
      "f_max_sample": 0.30588235294117644,
      "f_mean_sample": 0.10625685114100888,
      "fn": 170,
      "fp": 4424,
      "fp_to_fn_ratio": 26.023529411764706,
      "n_samples_with_bus": 30,
      "precision": 0.040347071583514096,
      "recall": 0.5224719101123596,
      "tp": 186
    },
    "tom_hi_mid": {
      "f_aggregate": 0.03657522859517872,
      "f_max_sample": 0.2922374429223744,
      "f_mean_sample": 0.0364876174751394,
      "fn": 65,
      "fp": 2253,
      "fp_to_fn_ratio": 34.66153846153846,
      "n_samples_with_bus": 17,
      "precision": 0.01915542011319112,
      "recall": 0.4036697247706422,
      "tp": 44
    }
  },
  "per_bus_shittykit_val_fixed": {
    "crash_a": {
      "f_aggregate": null,
      "f_max_sample": null,
      "f_mean_sample": null,
      "fn": 2,
      "fp": 1641,
      "fp_to_fn_ratio": 820.5,
      "n_samples_with_bus": 0,
      "precision": 0.0,
      "recall": 0.0,
      "tp": 0
    },
    "crash_b_misc": {
      "f_aggregate": 0.0010783608914450035,
      "f_max_sample": 0.04081632653061225,
      "f_mean_sample": 0.03807233331042855,
      "fn": 96,
      "fp": 5462,
      "fp_to_fn_ratio": 56.895833333333336,
      "n_samples_with_bus": 3,
      "precision": 0.0005489478499542544,
      "recall": 0.030303030303030304,
      "tp": 3
    },
    "floor": {
      "f_aggregate": 0.02266666666666667,
      "f_max_sample": 0.21757322175732216,
      "f_mean_sample": 0.04792781717621956,
      "fn": 280,
      "fp": 24642,
      "fp_to_fn_ratio": 88.00714285714285,
      "n_samples_with_bus": 54,
      "precision": 0.011591993903172757,
      "recall": 0.507908611599297,
      "tp": 289
    },
    "hihat": {
      "f_aggregate": 0.027464920486435927,
      "f_max_sample": 0.17467248908296942,
      "f_mean_sample": 0.0495803617300106,
      "fn": 286,
      "fp": 25705,
      "fp_to_fn_ratio": 89.87762237762237,
      "n_samples_with_bus": 63,
      "precision": 0.014076403804848113,
      "recall": 0.5620214395099541,
      "tp": 367
    },
    "kick": {
      "f_aggregate": 0.03634219158895729,
      "f_max_sample": 0.16964285714285715,
      "f_mean_sample": 0.04884069099091046,
      "fn": 498,
      "fp": 25647,
      "fp_to_fn_ratio": 51.5,
      "n_samples_with_bus": 87,
      "precision": 0.01885998469778118,
      "recall": 0.49747729566094856,
      "tp": 493
    },
    "ride": {
      "f_aggregate": 0.021734242674061304,
      "f_max_sample": 0.17272727272727276,
      "f_mean_sample": 0.09085080590225038,
      "fn": 248,
      "fp": 25858,
      "fp_to_fn_ratio": 104.26612903225806,
      "n_samples_with_bus": 27,
      "precision": 0.011090714394982408,
      "recall": 0.5390334572490706,
      "tp": 290
    },