{
  "checkpoint": "artifacts/mini_l3_tcn_loss-H.pt",
  "f_overall_drskit_train_fixed": 0.1050927356063607,
  "f_overall_drskit_train_tuned": 0.056819966299457285,
  "f_overall_shittykit_fixed": 0.06976809120079742,
  "f_overall_shittykit_tuned": 0.05385916411219729,
  "fixed_threshold": 0.03,
  "n_drskit_train_samples_eval": 30,
  "n_shittykit_val_samples": 115,
  "per_bus_drskit_train_fixed": {
    "crash_a": {
      "f_aggregate": null,
      "f_max_sample": null,
      "f_mean_sample": null,
      "fn": 0,
      "fp": 2413,
      "fp_to_fn_ratio": null,
      "n_samples_with_bus": 0,
      "precision": 0.0,
      "recall": null,
      "tp": 0
    },
    "crash_b_misc": {
      "f_aggregate": 0.0037813140066172996,
      "f_max_sample": 0.05714285714285714,
      "f_mean_sample": 0.05714285714285714,
      "fn": 24,
      "fp": 6299,
      "fp_to_fn_ratio": 262.4583333333333,
      "n_samples_with_bus": 2,
      "precision": 0.0019014419267944858,
      "recall": 0.3333333333333333,
      "tp": 12
    },
    "floor": {
      "f_aggregate": 0.004788268741583121,
      "f_max_sample": 0.04830917874396136,
      "f_mean_sample": 0.01915168632792166,
      "fn": 56,
      "fp": 6595,
      "fp_to_fn_ratio": 117.76785714285714,
      "n_samples_with_bus": 7,
      "precision": 0.002420208743004084,
      "recall": 0.2222222222222222,
      "tp": 16
    },
    "hihat": {
      "f_aggregate": 0.023479490806223483,
      "f_max_sample": 0.13278008298755187,
      "f_mean_sample": 0.06582659529669764,
      "fn": 55,
      "fp": 6849,
      "fp_to_fn_ratio": 124.52727272727273,
      "n_samples_with_bus": 10,
      "precision": 0.011973456433929603,
      "recall": 0.6014492753623188,
      "tp": 83
    },
    "kick": {
      "f_aggregate": 0.05441421432537479,
      "f_max_sample": 0.1673640167364017,
      "f_mean_sample": 0.06384228918800039,
      "fn": 180,
      "fp": 6632,
      "fp_to_fn_ratio": 36.84444444444444,
      "n_samples_with_bus": 26,
      "precision": 0.02870533099004101,
      "recall": 0.5212765957446809,
      "tp": 196
    },
    "ride": {
      "f_aggregate": 0.04687266756232274,
      "f_max_sample": 0.1904761904761905,
      "f_mean_sample": 0.10637585877385625,
      "fn": 106,
      "fp": 6279,
      "fp_to_fn_ratio": 59.235849056603776,
      "n_samples_with_bus": 14,
      "precision": 0.024394033561218147,
      "recall": 0.596958174904943,
      "tp": 157
    },
    "snare": {
      "f_aggregate": 0.09463806970509384,
      "f_max_sample": 0.26612903225806456,
      "f_mean_sample": 0.11083506949308715,
      "fn": 298,
      "fp": 6456,
      "fp_to_fn_ratio": 21.664429530201343,
      "n_samples_with_bus": 26,
      "precision": 0.051843148773681895,
      "recall": 0.5422427035330261,
      "tp": 353
    },
    "tom_hi_mid": {
      "f_aggregate": 0.031092685815812846,
      "f_max_sample": 0.2572614107883817,
      "f_mean_sample": 0.08235412598542331,
      "fn": 88,
      "fp": 6456,
      "fp_to_fn_ratio": 73.36363636363636,
      "n_samples_with_bus": 10,
      "precision": 0.01600365797896662,
      "recall": 0.5440414507772021,
      "tp": 105
    }
  },
  "per_bus_drskit_train_tuned": {
    "crash_a": {
      "f_aggregate": null,
      "f_max_sample": 0.0,
      "f_mean_sample": 0.0,
      "fn": 0,
      "fp": 274,
      "fp_to_fn_ratio": null,
      "n_samples_with_bus": 12,
      "precision": 0.0,
      "recall": null,
      "tp": 0
    },
    "crash_b_misc": {
      "f_aggregate": 0.007476635514018692,
      "f_max_sample": 0.25,
      "f_mean_sample": 0.0225,
      "fn": 12,
      "fp": 519,
      "fp_to_fn_ratio": 43.25,
      "n_samples_with_bus": 20,
      "precision": 0.003838771593090211,
      "recall": 0.14285714285714285,
      "tp": 2
    },
    "floor": {
      "f_aggregate": 0.006846188954815153,
      "f_max_sample": 0.05917159763313609,
      "f_mean_sample": 0.004907620080321623,
      "fn": 2,
      "fp": 4350,
      "fp_to_fn_ratio": 2175.0,
      "n_samples_with_bus": 30,
      "precision": 0.003436426116838488,
      "recall": 0.8823529411764706,
      "tp": 15
    },
    "hihat": {
      "f_aggregate": 0.02472453641494222,
      "f_max_sample": 0.6666666666666666,
      "f_mean_sample": 0.05626027232599186,
      "fn": 39,
      "fp": 3590,
      "fp_to_fn_ratio": 92.05128205128206,
      "n_samples_with_bus": 30,
      "precision": 0.012651265126512651,
      "recall": 0.5411764705882353,
      "tp": 46
    },
    "kick": {
      "f_aggregate": 0.05069444444444445,
      "f_max_sample": 0.2105263157894737,
      "f_mean_sample": 0.07325341681484379,
      "fn": 134,
      "fp": 2600,
      "fp_to_fn_ratio": 19.402985074626866,
      "n_samples_with_bus": 30,
      "precision": 0.027310138421249533,
      "recall": 0.3526570048309179,
      "tp": 73
    },
    "ride": {
      "f_aggregate": 0.052419354838709686,
      "f_max_sample": 0.26415094339622647,
      "f_mean_sample": 0.05500079951690453,
      "fn": 73,
      "fp": 3217,
      "fp_to_fn_ratio": 44.06849315068493,
      "n_samples_with_bus": 30,
      "precision": 0.02750906892382104,
      "recall": 0.5548780487804879,
      "tp": 91
    },
    "snare": {
      "f_aggregate": 0.08756497401039585,
      "f_max_sample": 0.3111111111111111,
      "f_mean_sample": 0.12158277821071509,
      "fn": 137,
      "fp": 4427,
      "fp_to_fn_ratio": 32.31386861313869,
      "n_samples_with_bus": 30,
      "precision": 0.047137322427894965,
      "recall": 0.6151685393258427,
      "tp": 219
    },
    "tom_hi_mid": {
      "f_aggregate": 0.06786761625471302,
      "f_max_sample": 0.2872340425531915,
      "f_mean_sample": 0.04131192052115738,
      "fn": 28,
      "fp": 2197,
      "fp_to_fn_ratio": 78.46428571428571,
      "n_samples_with_bus": 22,
      "precision": 0.03555750658472344,
      "recall": 0.7431192660550459,
      "tp": 81
    }
  },
  "per_bus_shittykit_val_fixed": {
    "crash_a": {
      "f_aggregate": null,
      "f_max_sample": null,
      "f_mean_sample": null,
      "fn": 2,
      "fp": 10705,
      "fp_to_fn_ratio": 5352.5,
      "n_samples_with_bus": 0,
      "precision": 0.0,
      "recall": 0.0,
      "tp": 0
    },
    "crash_b_misc": {
      "f_aggregate": 0.002005374403401115,
      "f_max_sample": 0.05970149253731343,
      "f_mean_sample": 0.013915896308039181,
      "fn": 74,
      "fp": 24809,
      "fp_to_fn_ratio": 335.2567567567568,
      "n_samples_with_bus": 18,
      "precision": 0.0010066843843118305,
      "recall": 0.25252525252525254,
      "tp": 25
    },
    "floor": {
      "f_aggregate": 0.022938328438764984,
      "f_max_sample": 0.21008403361344538,
      "f_mean_sample": 0.049189783173251046,
      "fn": 280,
      "fp": 24340,
      "fp_to_fn_ratio": 86.92857142857143,
      "n_samples_with_bus": 53,
      "precision": 0.011734134556823258,
      "recall": 0.507908611599297,
      "tp": 289
    },
    "hihat": {
      "f_aggregate": 0.026506202008269343,
      "f_max_sample": 0.16935483870967744,
      "f_mean_sample": 0.047741949476243724,
      "fn": 294,
      "fp": 26076,
      "fp_to_fn_ratio": 88.6938775510204,
      "n_samples_with_bus": 63,
      "precision": 0.013580480423680727,
      "recall": 0.5497702909647779,
      "tp": 359
    },
    "kick": {
      "f_aggregate": 0.03653103653103653,
      "f_max_sample": 0.17699115044247787,
      "f_mean_sample": 0.04939315393430579,
      "fn": 499,
      "fp": 25453,
      "fp_to_fn_ratio": 51.00801603206413,
      "n_samples_with_bus": 88,
      "precision": 0.018963191366351898,
      "recall": 0.496468213925328,
      "tp": 492
    },
    "ride": {
      "f_aggregate": 0.023001010179501128,
      "f_max_sample": 0.18779342723004694,
      "f_mean_sample": 0.098943811269694,
      "fn": 242,
      "fp": 24904,
      "fp_to_fn_ratio": 102.9090909090909,
      "n_samples_with_bus": 27,
      "precision": 0.011746031746031746,
      "recall": 0.550185873605948,
      "tp": 296
    },