{
  "checkpoint": "artifacts/mini_l3_tcn_p1p2_c64_mixed5kit.pt",
  "f_overall_drskit_train": 0.056661067236177476,
  "f_overall_shittykit": 0.05558841186209807,
  "f_ratio_train_to_val": 1.0192963845907383,
  "n_drskit_train_samples_eval": 30,
  "n_shittykit_val_samples": 115,
  "per_bus_drskit_train": {
    "crash_a": {
      "f_aggregate": null,
      "f_max_sample": 0.0,
      "f_mean_sample": 0.0,
      "fn": 0,
      "fp": 10,
      "fp_to_fn_ratio": null,
      "n_samples_with_bus": 8,
      "precision": 0.0,
      "recall": null,
      "tp": 0
    },
    "crash_b_misc": {
      "f_aggregate": 0.05797101449275363,
      "f_max_sample": 0.25,
      "f_mean_sample": 0.027777777777777776,
      "fn": 11,
      "fp": 54,
      "fp_to_fn_ratio": 4.909090909090909,
      "n_samples_with_bus": 17,
      "precision": 0.03571428571428571,
      "recall": 0.15384615384615385,
      "tp": 2
    },
    "floor": {
      "f_aggregate": 0.0037488284910965324,
      "f_max_sample": 0.012578616352201257,
      "f_mean_sample": 0.0008385744234800838,
      "fn": 13,
      "fp": 2113,
      "fp_to_fn_ratio": 162.53846153846155,
      "n_samples_with_bus": 30,
      "precision": 0.001889466225791214,
      "recall": 0.23529411764705882,
      "tp": 4
    },
    "hihat": {
      "f_aggregate": 0.036250647332988085,
      "f_max_sample": 0.23529411764705882,
      "f_mean_sample": 0.07917352850795077,
      "fn": 50,
      "fp": 1811,
      "fp_to_fn_ratio": 36.22,
      "n_samples_with_bus": 21,
      "precision": 0.01895991332611051,
      "recall": 0.4117647058823529,
      "tp": 35
    },
    "kick": {
      "f_aggregate": 0.07017543859649124,
      "f_max_sample": 0.2857142857142857,
      "f_mean_sample": 0.08005772005772008,
      "fn": 195,
      "fp": 123,
      "fp_to_fn_ratio": 0.6307692307692307,
      "n_samples_with_bus": 30,
      "precision": 0.08888888888888889,
      "recall": 0.057971014492753624,
      "tp": 12
    },
    "ride": {
      "f_aggregate": 0.04653937947494032,
      "f_max_sample": 0.2105263157894737,
      "f_mean_sample": 0.04381100186372046,
      "fn": 125,
      "fp": 1473,
      "fp_to_fn_ratio": 11.784,
      "n_samples_with_bus": 30,
      "precision": 0.025793650793650792,
      "recall": 0.23780487804878048,
      "tp": 39
    },
    "snare": {
      "f_aggregate": 0.07873594001071237,
      "f_max_sample": 0.4,
      "f_mean_sample": 0.11442210945733514,
      "fn": 209,
      "fp": 3231,
      "fp_to_fn_ratio": 15.45933014354067,
      "n_samples_with_bus": 30,
      "precision": 0.043516873889875664,
      "recall": 0.41292134831460675,
      "tp": 147
    },
    "tom_hi_mid": {
      "f_aggregate": 0.048387096774193554,
      "f_max_sample": 0.10714285714285714,
      "f_mean_sample": 0.0106203007518797,
      "fn": 103,
      "fp": 133,
      "fp_to_fn_ratio": 1.2912621359223302,
      "n_samples_with_bus": 20,
      "precision": 0.04316546762589928,
      "recall": 0.05504587155963303,
      "tp": 6
    }
  },
  "per_bus_shittykit_val": {
    "crash_a": {
      "f_aggregate": null,
      "f_max_sample": 0.0,
      "f_mean_sample": 0.0,
      "fn": 2,
      "fp": 46,
      "fp_to_fn_ratio": 23.0,
      "n_samples_with_bus": 37,
      "precision": 0.0,
      "recall": 0.0,
      "tp": 0
    },
    "crash_b_misc": {
      "f_aggregate": 0.051948051948051945,
      "f_max_sample": 1.0,
      "f_mean_sample": 0.06068840579710145,
      "fn": 26,
      "fp": 266,
      "fp_to_fn_ratio": 10.23076923076923,
      "n_samples_with_bus": 92,
      "precision": 0.029197080291970802,
      "recall": 0.23529411764705882,
      "tp": 8
    },
    "floor": {
      "f_aggregate": 0.03387220939183987,
      "f_max_sample": 0.2608695652173913,
      "f_mean_sample": 0.0280719724092078,
      "fn": 185,
      "fp": 6090,
      "fp_to_fn_ratio": 32.91891891891892,
      "n_samples_with_bus": 115,
      "precision": 0.017741935483870968,
      "recall": 0.3728813559322034,
      "tp": 110
    },
    "hihat": {
      "f_aggregate": 0.043062844839187195,
      "f_max_sample": 0.36363636363636365,
      "f_mean_sample": 0.049837930829787165,
      "fn": 211,
      "fp": 6900,
      "fp_to_fn_ratio": 32.70142180094787,
      "n_samples_with_bus": 100,
      "precision": 0.0226628895184136,
      "recall": 0.431266846361186,
      "tp": 160
    },
    "kick": {
      "f_aggregate": 0.09445958219800182,
      "f_max_sample": 1.0,
      "f_mean_sample": 0.1106774934113867,
      "fn": 474,
      "fp": 523,
      "fp_to_fn_ratio": 1.1033755274261603,
      "n_samples_with_bus": 114,
      "precision": 0.09043478260869565,
      "recall": 0.09885931558935361,
      "tp": 52
    },
    "ride": {
      "f_aggregate": 0.030218933086648168,
      "f_max_sample": 0.20858895705521474,
      "f_mean_sample": 0.01884156124184054,
      "fn": 202,
      "fp": 6088,
      "fp_to_fn_ratio": 30.138613861386137,
      "n_samples_with_bus": 113,
      "precision": 0.0158422243776269,
      "recall": 0.32666666666666666,
      "tp": 98
    },
    "snare": {
      "f_aggregate": 0.09566943789552054,
      "f_max_sample": 0.3724137931034483,
      "f_mean_sample": 0.10376883285412612,
      "fn": 430,
      "fp": 14146,
      "fp_to_fn_ratio": 32.89767441860465,
      "n_samples_with_bus": 115,
      "precision": 0.0516859958436683,
      "recall": 0.6419650291423813,
      "tp": 771
    },
    "tom_hi_mid": {
      "f_aggregate": 0.024716786817713696,
      "f_max_sample": 0.3333333333333333,
      "f_mean_sample": 0.012076256996733276,
      "fn": 271,
      "fp": 676,
      "fp_to_fn_ratio": 2.4944649446494465,
      "n_samples_with_bus": 101,
      "precision": 0.01744186046511628,
      "recall": 0.04240282685512368,
      "tp": 12
    }
  }
}