{
  "checkpoint": "artifacts/mini_l3_tcn_F0T4e.pt",
  "f_overall_drskit_train_fixed": 0.10295032846187237,
  "f_overall_drskit_train_tuned": 0.18685027089502884,
  "f_overall_shittykit_fixed": 0.09049069409108151,
  "f_overall_shittykit_tuned": 0.1894743721973133,
  "fixed_threshold": 0.1,
  "n_drskit_train_samples_eval": 30,
  "n_shittykit_val_samples": 115,
  "per_bus_drskit_train_fixed": {
    "crash_a": {
      "f_aggregate": null,
      "f_max_sample": null,
      "f_mean_sample": null,
      "fn": 0,
      "fp": 0,
      "fp_to_fn_ratio": null,
      "n_samples_with_bus": 0,
      "precision": null,
      "recall": null,
      "tp": 0
    },
    "crash_b_misc": {
      "f_aggregate": null,
      "f_max_sample": null,
      "f_mean_sample": null,
      "fn": 28,
      "fp": 970,
      "fp_to_fn_ratio": 34.642857142857146,
      "n_samples_with_bus": 0,
      "precision": 0.0,
      "recall": 0.0,
      "tp": 0
    },
    "floor": {
      "f_aggregate": 0.010876132930513595,
      "f_max_sample": 0.0851063829787234,
      "f_mean_sample": 0.03727739987816107,
      "fn": 57,
      "fp": 1580,
      "fp_to_fn_ratio": 27.719298245614034,
      "n_samples_with_bus": 7,
      "precision": 0.005663939584644431,
      "recall": 0.13636363636363635,
      "tp": 9
    },
    "hihat": {
      "f_aggregate": 0.04214819850441876,
      "f_max_sample": 0.17910447761194032,
      "f_mean_sample": 0.08105957153065009,
      "fn": 59,
      "fp": 1350,
      "fp_to_fn_ratio": 22.88135593220339,
      "n_samples_with_bus": 7,
      "precision": 0.022447501810282405,
      "recall": 0.34444444444444444,
      "tp": 31
    },
    "kick": {
      "f_aggregate": 0.05467372134038801,
      "f_max_sample": 0.15873015873015872,
      "f_mean_sample": 0.07302247579326471,
      "fn": 190,
      "fp": 1954,
      "fp_to_fn_ratio": 10.284210526315789,
      "n_samples_with_bus": 20,
      "precision": 0.030753968253968252,
      "recall": 0.24603174603174602,
      "tp": 62
    },
    "ride": {
      "f_aggregate": 0.07766990291262135,
      "f_max_sample": 0.1411764705882353,
      "f_mean_sample": 0.09583070498557039,
      "fn": 113,
      "fp": 742,
      "fp_to_fn_ratio": 6.566371681415929,
      "n_samples_with_bus": 11,
      "precision": 0.04627249357326478,
      "recall": 0.24161073825503357,
      "tp": 36
    },
    "snare": {
      "f_aggregate": 0.08253968253968255,
      "f_max_sample": 0.24242424242424246,
      "f_mean_sample": 0.10443418083891945,
      "fn": 297,
      "fp": 2593,
      "fp_to_fn_ratio": 8.73063973063973,
      "n_samples_with_bus": 23,
      "precision": 0.0477414616232097,
      "recall": 0.3044496487119438,
      "tp": 130
    },
    "tom_hi_mid": {
      "f_aggregate": 0.03972602739726027,
      "f_max_sample": 0.21505376344086025,
      "f_mean_sample": 0.13020359804480847,
      "fn": 91,
      "fp": 1311,
      "fp_to_fn_ratio": 14.406593406593407,
      "n_samples_with_bus": 5,
      "precision": 0.02164179104477612,
      "recall": 0.24166666666666667,
      "tp": 29
    }
  },
  "per_bus_drskit_train_tuned": {
    "crash_a": {
      "f_aggregate": null,
      "f_max_sample": null,
      "f_mean_sample": null,
      "fn": 0,
      "fp": 0,
      "fp_to_fn_ratio": null,
      "n_samples_with_bus": 0,
      "precision": null,
      "recall": null,
      "tp": 0
    },
    "crash_b_misc": {
      "f_aggregate": 0.08602150537634409,
      "f_max_sample": 0.4,
      "f_mean_sample": 0.039316239316239315,
      "fn": 9,
      "fp": 76,
      "fp_to_fn_ratio": 8.444444444444445,
      "n_samples_with_bus": 18,
      "precision": 0.05,
      "recall": 0.3076923076923077,
      "tp": 4
    },
    "floor": {
      "f_aggregate": 0.029818956336528223,
      "f_max_sample": 1.0,
      "f_mean_sample": 0.1046292742657675,
      "fn": 3,
      "fp": 908,
      "fp_to_fn_ratio": 302.6666666666667,
      "n_samples_with_bus": 23,
      "precision": 0.015184381778741865,
      "recall": 0.8235294117647058,
      "tp": 14
    },
    "hihat": {
      "f_aggregate": 0.08577405857740586,
      "f_max_sample": 0.6153846153846154,
      "f_mean_sample": 0.16134023079570226,
      "fn": 44,
      "fp": 830,
      "fp_to_fn_ratio": 18.863636363636363,
      "n_samples_with_bus": 19,
      "precision": 0.04707233065442021,
      "recall": 0.4823529411764706,
      "tp": 41
    },
    "kick": {
      "f_aggregate": 0.14699792960662525,
      "f_max_sample": 0.7499999999999999,
      "f_mean_sample": 0.2667685422860464,
      "fn": 136,
      "fp": 688,
      "fp_to_fn_ratio": 5.0588235294117645,
      "n_samples_with_bus": 30,
      "precision": 0.09354413702239789,
      "recall": 0.34299516908212563,
      "tp": 71
    },
    "ride": {
      "f_aggregate": 0.4164859002169198,
      "f_max_sample": 1.0,
      "f_mean_sample": 0.28967900126857093,
      "fn": 68,
      "fp": 201,
      "fp_to_fn_ratio": 2.9558823529411766,
      "n_samples_with_bus": 23,
      "precision": 0.32323232323232326,
      "recall": 0.5853658536585366,
      "tp": 96
    },
    "snare": {
      "f_aggregate": 0.17172464840858626,
      "f_max_sample": 0.48543689320388345,
      "f_mean_sample": 0.09939205771085177,
      "fn": 240,
      "fp": 879,
      "fp_to_fn_ratio": 3.6625,
      "n_samples_with_bus": 28,
      "precision": 0.11658291457286432,
      "recall": 0.3258426966292135,
      "tp": 116
    },
    "tom_hi_mid": {
      "f_aggregate": 0.08595988538681949,
      "f_max_sample": 0.6666666666666666,
      "f_mean_sample": 0.09616680502756451,
      "fn": 64,
      "fp": 893,
      "fp_to_fn_ratio": 13.953125,
      "n_samples_with_bus": 23,
      "precision": 0.04797441364605544,
      "recall": 0.41284403669724773,
      "tp": 45
    }
  },
  "per_bus_shittykit_val_fixed": {
    "crash_a": {
      "f_aggregate": null,
      "f_max_sample": null,
      "f_mean_sample": null,
      "fn": 0,
      "fp": 6,
      "fp_to_fn_ratio": null,
      "n_samples_with_bus": 0,
      "precision": 0.0,
      "recall": null,
      "tp": 0
    },
    "crash_b_misc": {
      "f_aggregate": 0.0006602839220864971,
      "f_max_sample": 0.125,
      "f_mean_sample": 0.125,
      "fn": 76,
      "fp": 2951,
      "fp_to_fn_ratio": 38.828947368421055,
      "n_samples_with_bus": 1,
      "precision": 0.00033875338753387534,
      "recall": 0.012987012987012988,
      "tp": 1
    },
    "floor": {
      "f_aggregate": 0.027050359712230215,
      "f_max_sample": 0.16842105263157894,
      "f_mean_sample": 0.0620753435923885,
      "fn": 286,
      "fp": 6476,
      "fp_to_fn_ratio": 22.643356643356643,
      "n_samples_with_bus": 34,
      "precision": 0.014307458143074582,
      "recall": 0.24736842105263157,
      "tp": 94
    },
    "hihat": {
      "f_aggregate": 0.0333487725798981,
      "f_max_sample": 0.1686746987951807,
      "f_mean_sample": 0.07958630157805448,
      "fn": 305,
      "fp": 5956,
      "fp_to_fn_ratio": 19.527868852459015,
      "n_samples_with_bus": 37,
      "precision": 0.017810026385224276,
      "recall": 0.26150121065375304,
      "tp": 108
    },
    "kick": {
      "f_aggregate": 0.03470136803470137,
      "f_max_sample": 0.13592233009708737,
      "f_mean_sample": 0.05844782548838439,
      "fn": 513,
      "fp": 8166,
      "fp_to_fn_ratio": 15.91812865497076,
      "n_samples_with_bus": 68,
      "precision": 0.018745493871665464,
      "recall": 0.23318385650224216,
      "tp": 156
    },
    "ride": {
      "f_aggregate": 0.05503955968352253,
      "f_max_sample": 0.1951219512195122,
      "f_mean_sample": 0.0934673431241621,
      "fn": 267,
      "fp": 2480,
      "fp_to_fn_ratio": 9.288389513108614,
      "n_samples_with_bus": 22,
      "precision": 0.03125,
      "recall": 0.23054755043227665,
      "tp": 80
    },
    "snare": {
      "f_aggregate": 0.08834103749357985,
      "f_max_sample": 0.27368421052631575,
      "f_mean_sample": 0.0990397761598933,
      "fn": 850,
      "fp": 9800,
      "fp_to_fn_ratio": 11.529411764705882,