{
  "checkpoint": "artifacts/mini_l3_tcn_loss-H.pt",
  "f_overall_drskit_train_fixed": 0.10673779480279176,
  "f_overall_drskit_train_tuned": 0.056819966299457285,
  "f_overall_shittykit_fixed": 0.07289709636298042,
  "f_overall_shittykit_tuned": 0.05385916411219729,
  "fixed_threshold": 0.08,
  "n_drskit_train_samples_eval": 30,
  "n_shittykit_val_samples": 115,
  "per_bus_drskit_train_fixed": {
    "crash_a": {
      "f_aggregate": null,
      "f_max_sample": null,
      "f_mean_sample": null,
      "fn": 0,
      "fp": 139,
      "fp_to_fn_ratio": null,
      "n_samples_with_bus": 0,
      "precision": 0.0,
      "recall": null,
      "tp": 0
    },
    "crash_b_misc": {
      "f_aggregate": null,
      "f_max_sample": null,
      "f_mean_sample": null,
      "fn": 36,
      "fp": 317,
      "fp_to_fn_ratio": 8.805555555555555,
      "n_samples_with_bus": 0,
      "precision": 0.0,
      "recall": 0.0,
      "tp": 0
    },
    "floor": {
      "f_aggregate": 0.004788268741583121,
      "f_max_sample": 0.04830917874396136,
      "f_mean_sample": 0.01915168632792166,
      "fn": 56,
      "fp": 6595,
      "fp_to_fn_ratio": 117.76785714285714,
      "n_samples_with_bus": 7,
      "precision": 0.002420208743004084,
      "recall": 0.2222222222222222,
      "tp": 16
    },
    "hihat": {
      "f_aggregate": 0.023479490806223483,
      "f_max_sample": 0.13278008298755187,
      "f_mean_sample": 0.06582659529669764,
      "fn": 55,
      "fp": 6849,
      "fp_to_fn_ratio": 124.52727272727273,
      "n_samples_with_bus": 10,
      "precision": 0.011973456433929603,
      "recall": 0.6014492753623188,
      "tp": 83
    },
    "kick": {
      "f_aggregate": 0.055769230769230765,
      "f_max_sample": 0.18367346938775508,
      "f_mean_sample": 0.06624951251191044,
      "fn": 202,
      "fp": 5690,
      "fp_to_fn_ratio": 28.168316831683168,
      "n_samples_with_bus": 26,
      "precision": 0.029672578444747612,
      "recall": 0.4627659574468085,
      "tp": 174
    },
    "ride": {
      "f_aggregate": 0.047132993095166616,
      "f_max_sample": 0.1904761904761905,
      "f_mean_sample": 0.10663865664245016,
      "fn": 106,
      "fp": 6242,
      "fp_to_fn_ratio": 58.886792452830186,
      "n_samples_with_bus": 14,
      "precision": 0.024535083606813564,
      "recall": 0.596958174904943,
      "tp": 157
    },
    "snare": {
      "f_aggregate": 0.09463806970509384,
      "f_max_sample": 0.26612903225806456,
      "f_mean_sample": 0.11083506949308715,
      "fn": 298,
      "fp": 6456,
      "fp_to_fn_ratio": 21.664429530201343,
      "n_samples_with_bus": 26,
      "precision": 0.051843148773681895,
      "recall": 0.5422427035330261,
      "tp": 353
    },
    "tom_hi_mid": {
      "f_aggregate": 0.0384967919340055,
      "f_max_sample": 0.25641025641025644,
      "f_mean_sample": 0.1325427570665666,
      "fn": 151,
      "fp": 1947,
      "fp_to_fn_ratio": 12.894039735099337,
      "n_samples_with_bus": 6,
      "precision": 0.021116138763197588,
      "recall": 0.21761658031088082,
      "tp": 42
    }
  },
  "per_bus_drskit_train_tuned": {
    "crash_a": {
      "f_aggregate": null,
      "f_max_sample": 0.0,
      "f_mean_sample": 0.0,
      "fn": 0,
      "fp": 274,
      "fp_to_fn_ratio": null,
      "n_samples_with_bus": 12,
      "precision": 0.0,
      "recall": null,
      "tp": 0
    },
    "crash_b_misc": {
      "f_aggregate": 0.007476635514018692,
      "f_max_sample": 0.25,
      "f_mean_sample": 0.0225,
      "fn": 12,
      "fp": 519,
      "fp_to_fn_ratio": 43.25,
      "n_samples_with_bus": 20,
      "precision": 0.003838771593090211,
      "recall": 0.14285714285714285,
      "tp": 2
    },
    "floor": {
      "f_aggregate": 0.006846188954815153,
      "f_max_sample": 0.05917159763313609,
      "f_mean_sample": 0.004907620080321623,
      "fn": 2,
      "fp": 4350,
      "fp_to_fn_ratio": 2175.0,
      "n_samples_with_bus": 30,
      "precision": 0.003436426116838488,
      "recall": 0.8823529411764706,
      "tp": 15
    },
    "hihat": {
      "f_aggregate": 0.02472453641494222,
      "f_max_sample": 0.6666666666666666,
      "f_mean_sample": 0.05626027232599186,
      "fn": 39,
      "fp": 3590,
      "fp_to_fn_ratio": 92.05128205128206,
      "n_samples_with_bus": 30,
      "precision": 0.012651265126512651,
      "recall": 0.5411764705882353,
      "tp": 46
    },
    "kick": {
      "f_aggregate": 0.05069444444444445,
      "f_max_sample": 0.2105263157894737,
      "f_mean_sample": 0.07325341681484379,
      "fn": 134,
      "fp": 2600,
      "fp_to_fn_ratio": 19.402985074626866,
      "n_samples_with_bus": 30,
      "precision": 0.027310138421249533,
      "recall": 0.3526570048309179,
      "tp": 73
    },
    "ride": {
      "f_aggregate": 0.052419354838709686,
      "f_max_sample": 0.26415094339622647,
      "f_mean_sample": 0.05500079951690453,
      "fn": 73,
      "fp": 3217,
      "fp_to_fn_ratio": 44.06849315068493,
      "n_samples_with_bus": 30,
      "precision": 0.02750906892382104,
      "recall": 0.5548780487804879,
      "tp": 91
    },
    "snare": {
      "f_aggregate": 0.08756497401039585,
      "f_max_sample": 0.3111111111111111,
      "f_mean_sample": 0.12158277821071509,
      "fn": 137,
      "fp": 4427,
      "fp_to_fn_ratio": 32.31386861313869,
      "n_samples_with_bus": 30,
      "precision": 0.047137322427894965,
      "recall": 0.6151685393258427,
      "tp": 219
    },
    "tom_hi_mid": {
      "f_aggregate": 0.06786761625471302,
      "f_max_sample": 0.2872340425531915,
      "f_mean_sample": 0.04131192052115738,
      "fn": 28,
      "fp": 2197,
      "fp_to_fn_ratio": 78.46428571428571,
      "n_samples_with_bus": 22,
      "precision": 0.03555750658472344,
      "recall": 0.7431192660550459,
      "tp": 81
    }
  },
  "per_bus_shittykit_val_fixed": {
    "crash_a": {
      "f_aggregate": null,
      "f_max_sample": null,
      "f_mean_sample": null,
      "fn": 2,
      "fp": 600,
      "fp_to_fn_ratio": 300.0,
      "n_samples_with_bus": 0,
      "precision": 0.0,
      "recall": 0.0,
      "tp": 0
    },
    "crash_b_misc": {
      "f_aggregate": null,
      "f_max_sample": null,
      "f_mean_sample": null,
      "fn": 99,
      "fp": 1323,
      "fp_to_fn_ratio": 13.363636363636363,
      "n_samples_with_bus": 0,
      "precision": 0.0,
      "recall": 0.0,
      "tp": 0
    },
    "floor": {
      "f_aggregate": 0.022938328438764984,
      "f_max_sample": 0.21008403361344538,
      "f_mean_sample": 0.049189783173251046,
      "fn": 280,
      "fp": 24340,
      "fp_to_fn_ratio": 86.92857142857143,
      "n_samples_with_bus": 53,
      "precision": 0.011734134556823258,
      "recall": 0.507908611599297,
      "tp": 289
    },
    "hihat": {
      "f_aggregate": 0.026506202008269343,
      "f_max_sample": 0.16935483870967744,
      "f_mean_sample": 0.047741949476243724,
      "fn": 294,
      "fp": 26076,
      "fp_to_fn_ratio": 88.6938775510204,
      "n_samples_with_bus": 63,
      "precision": 0.013580480423680727,
      "recall": 0.5497702909647779,
      "tp": 359
    },
    "kick": {
      "f_aggregate": 0.03655012414017664,
      "f_max_sample": 0.17475728155339806,
      "f_mean_sample": 0.05141562343572171,
      "fn": 542,
      "fp": 23129,
      "fp_to_fn_ratio": 42.67343173431734,
      "n_samples_with_bus": 86,
      "precision": 0.019043175841886504,
      "recall": 0.4530776992936428,
      "tp": 449
    },
    "ride": {
      "f_aggregate": 0.02294916177214205,
      "f_max_sample": 0.17924528301886794,
      "f_mean_sample": 0.09877343555481674,
      "fn": 243,
      "fp": 24876,
      "fp_to_fn_ratio": 102.37037037037037,
      "n_samples_with_bus": 27,
      "precision": 0.011719836319574113,
      "recall": 0.5483271375464684,
      "tp": 295
    },
    "snare": {
      "f_aggregate": 0.0857163437297414,
      "f_max_sample": 0.3045267489711934,
      "f_mean_sample": 0.09017150002075582,
      "fn": 872,
      "fp": 24514,