{
  "checkpoint": "artifacts/mini_l3_tcn_loss-E.pt",
  "f_overall_drskit_train_fixed": 0.10619750202796129,
  "f_overall_drskit_train_tuned": 0.05703847624524786,
  "f_overall_shittykit_fixed": 0.08749899689938018,
  "f_overall_shittykit_tuned": 0.04781918111616511,
  "fixed_threshold": 0.1,
  "n_drskit_train_samples_eval": 30,
  "n_shittykit_val_samples": 115,
  "per_bus_drskit_train_fixed": {
    "crash_a": {
      "f_aggregate": null,
      "f_max_sample": null,
      "f_mean_sample": null,
      "fn": 0,
      "fp": 0,
      "fp_to_fn_ratio": null,
      "n_samples_with_bus": 0,
      "precision": null,
      "recall": null,
      "tp": 0
    },
    "crash_b_misc": {
      "f_aggregate": null,
      "f_max_sample": null,
      "f_mean_sample": null,
      "fn": 36,
      "fp": 0,
      "fp_to_fn_ratio": 0.0,
      "n_samples_with_bus": 0,
      "precision": null,
      "recall": 0.0,
      "tp": 0
    },
    "floor": {
      "f_aggregate": 0.0030943785456420837,
      "f_max_sample": 0.044444444444444446,
      "f_mean_sample": 0.03398692810457516,
      "fn": 69,
      "fp": 1864,
      "fp_to_fn_ratio": 27.014492753623188,
      "n_samples_with_bus": 2,
      "precision": 0.0016068559185859668,
      "recall": 0.041666666666666664,
      "tp": 3
    },
    "hihat": {
      "f_aggregate": 0.028629856850715747,
      "f_max_sample": 0.16560509554140126,
      "f_mean_sample": 0.07806687524140773,
      "fn": 68,
      "fp": 4682,
      "fp_to_fn_ratio": 68.8529411764706,
      "n_samples_with_bus": 10,
      "precision": 0.014730639730639731,
      "recall": 0.5072463768115942,
      "tp": 70
    },
    "kick": {
      "f_aggregate": 0.006259780907668231,
      "f_max_sample": 0.04878048780487805,
      "f_mean_sample": 0.04878048780487805,
      "fn": 374,
      "fp": 261,
      "fp_to_fn_ratio": 0.6978609625668449,
      "n_samples_with_bus": 2,
      "precision": 0.0076045627376425855,
      "recall": 0.005319148936170213,
      "tp": 2
    },
    "ride": {
      "f_aggregate": 0.02902055622732769,
      "f_max_sample": 0.16666666666666666,
      "f_mean_sample": 0.06601845562857875,
      "fn": 251,
      "fp": 552,
      "fp_to_fn_ratio": 2.199203187250996,
      "n_samples_with_bus": 10,
      "precision": 0.02127659574468085,
      "recall": 0.045627376425855515,
      "tp": 12
    },
    "snare": {
      "f_aggregate": 0.09814398200224972,
      "f_max_sample": 0.2922374429223744,
      "f_mean_sample": 0.11841236293117169,
      "fn": 302,
      "fp": 6112,
      "fp_to_fn_ratio": 20.23841059602649,
      "n_samples_with_bus": 26,
      "precision": 0.054016406129082185,
      "recall": 0.5360983102918587,
      "tp": 349
    },
    "tom_hi_mid": {
      "f_aggregate": 0.01918465227817746,
      "f_max_sample": 0.05555555555555555,
      "f_mean_sample": 0.047007257934031384,
      "fn": 189,
      "fp": 220,
      "fp_to_fn_ratio": 1.164021164021164,
      "n_samples_with_bus": 4,
      "precision": 0.017857142857142856,
      "recall": 0.02072538860103627,
      "tp": 4
    }
  },
  "per_bus_drskit_train_tuned": {
    "crash_a": {
      "f_aggregate": null,
      "f_max_sample": null,
      "f_mean_sample": null,
      "fn": 0,
      "fp": 0,
      "fp_to_fn_ratio": null,
      "n_samples_with_bus": 0,
      "precision": null,
      "recall": null,
      "tp": 0
    },
    "crash_b_misc": {
      "f_aggregate": 0.06060606060606061,
      "f_max_sample": 0.2,
      "f_mean_sample": 0.03333333333333333,
      "fn": 13,
      "fp": 18,
      "fp_to_fn_ratio": 1.3846153846153846,
      "n_samples_with_bus": 6,
      "precision": 0.05263157894736842,
      "recall": 0.07142857142857142,
      "tp": 1
    },
    "floor": {
      "f_aggregate": 0.009720534629404616,
      "f_max_sample": 0.08108108108108109,
      "f_mean_sample": 0.004718797270575894,
      "fn": 9,
      "fp": 1621,
      "fp_to_fn_ratio": 180.11111111111111,
      "n_samples_with_bus": 29,
      "precision": 0.004910988336402701,
      "recall": 0.47058823529411764,
      "tp": 8
    },
    "hihat": {
      "f_aggregate": 0.027659574468085108,
      "f_max_sample": 0.18181818181818182,
      "f_mean_sample": 0.03796295414456311,
      "fn": 46,
      "fp": 2696,
      "fp_to_fn_ratio": 58.608695652173914,
      "n_samples_with_bus": 30,
      "precision": 0.014259597806215722,
      "recall": 0.4588235294117647,
      "tp": 39
    },
    "kick": {
      "f_aggregate": 0.06896551724137931,
      "f_max_sample": 0.25,
      "f_mean_sample": 0.07302016364699007,
      "fn": 191,
      "fp": 268,
      "fp_to_fn_ratio": 1.4031413612565444,
      "n_samples_with_bus": 26,
      "precision": 0.05964912280701754,
      "recall": 0.08173076923076923,
      "tp": 17
    },
    "ride": {
      "f_aggregate": 0.07486631016042782,
      "f_max_sample": 0.19047619047619047,
      "f_mean_sample": 0.058620297627650565,
      "fn": 143,
      "fp": 376,
      "fp_to_fn_ratio": 2.629370629370629,
      "n_samples_with_bus": 24,
      "precision": 0.05289672544080604,
      "recall": 0.12804878048780488,
      "tp": 21
    },
    "snare": {
      "f_aggregate": 0.08480874316939892,
      "f_max_sample": 0.36363636363636365,
      "f_mean_sample": 0.12353338805103743,
      "fn": 162,
      "fp": 4025,
      "fp_to_fn_ratio": 24.84567901234568,
      "n_samples_with_bus": 30,
      "precision": 0.04598246029864897,
      "recall": 0.5449438202247191,
      "tp": 194
    },
    "tom_hi_mid": {
      "f_aggregate": 0.06451612903225806,
      "f_max_sample": 0.12121212121212123,
      "f_mean_sample": 0.018611935020603754,
      "fn": 101,
      "fp": 131,
      "fp_to_fn_ratio": 1.297029702970297,
      "n_samples_with_bus": 24,
      "precision": 0.05755395683453238,
      "recall": 0.07339449541284404,
      "tp": 8
    }
  },
  "per_bus_shittykit_val_fixed": {
    "crash_a": {
      "f_aggregate": null,
      "f_max_sample": null,
      "f_mean_sample": null,
      "fn": 2,
      "fp": 0,
      "fp_to_fn_ratio": 0.0,
      "n_samples_with_bus": 0,
      "precision": null,
      "recall": 0.0,
      "tp": 0
    },
    "crash_b_misc": {
      "f_aggregate": null,
      "f_max_sample": null,
      "f_mean_sample": null,
      "fn": 99,
      "fp": 1,
      "fp_to_fn_ratio": 0.010101010101010102,
      "n_samples_with_bus": 0,
      "precision": 0.0,
      "recall": 0.0,
      "tp": 0
    },
    "floor": {
      "f_aggregate": 0.02312490491404229,
      "f_max_sample": 0.19999999999999998,
      "f_mean_sample": 0.07714103532058707,
      "fn": 493,
      "fp": 5928,
      "fp_to_fn_ratio": 12.024340770791076,
      "n_samples_with_bus": 25,
      "precision": 0.012658227848101266,
      "recall": 0.1335676625659051,
      "tp": 76
    },
    "hihat": {
      "f_aggregate": 0.029895366218236172,
      "f_max_sample": 0.2057142857142857,
      "f_mean_sample": 0.05675887070680703,
      "fn": 393,
      "fp": 16481,
      "fp_to_fn_ratio": 41.93638676844784,
      "n_samples_with_bus": 59,
      "precision": 0.015530732931127172,
      "recall": 0.3981623277182236,
      "tp": 260
    },
    "kick": {
      "f_aggregate": 0.015932023366967602,
      "f_max_sample": 0.18181818181818185,
      "f_mean_sample": 0.09837711308299545,
      "fn": 976,
      "fp": 877,
      "fp_to_fn_ratio": 0.8985655737704918,
      "n_samples_with_bus": 13,
      "precision": 0.016816143497757848,
      "recall": 0.015136226034308779,
      "tp": 15
    },
    "ride": {
      "f_aggregate": 0.011867364746945898,
      "f_max_sample": 0.09523809523809525,
      "f_mean_sample": 0.05302938801379322,
      "fn": 521,
      "fp": 2310,
      "fp_to_fn_ratio": 4.433781190019194,
      "n_samples_with_bus": 15,
      "precision": 0.00730554361839278,
      "recall": 0.031598513011152414,
      "tp": 17
    },
    "snare": {
      "f_aggregate": 0.08959757023538344,
      "f_max_sample": 0.2833333333333333,
      "f_mean_sample": 0.09513480214348892,
      "fn": 882,
      "fp": 23098,