{
  "checkpoint": "artifacts/mini_l3_tcn_c128_B-planA.pt",
  "f_overall_drskit_train_fixed": 0.10286916462357633,
  "f_overall_drskit_train_tuned": 0.06386510453800116,
  "f_overall_shittykit_fixed": 0.07142732772685162,
  "f_overall_shittykit_tuned": 0.05697344168561493,
  "fixed_threshold": 0.03,
  "n_drskit_train_samples_eval": 30,
  "n_shittykit_val_samples": 115,
  "per_bus_drskit_train_fixed": {
    "crash_a": {
      "f_aggregate": null,
      "f_max_sample": null,
      "f_mean_sample": null,
      "fn": 0,
      "fp": 94,
      "fp_to_fn_ratio": null,
      "n_samples_with_bus": 0,
      "precision": 0.0,
      "recall": null,
      "tp": 0
    },
    "crash_b_misc": {
      "f_aggregate": 0.006359300476947536,
      "f_max_sample": 0.07692307692307691,
      "f_mean_sample": 0.0754985754985755,
      "fn": 34,
      "fp": 591,
      "fp_to_fn_ratio": 17.38235294117647,
      "n_samples_with_bus": 2,
      "precision": 0.003372681281618887,
      "recall": 0.05555555555555555,
      "tp": 2
    },
    "floor": {
      "f_aggregate": 0.004449718184514981,
      "f_max_sample": 0.04950495049504951,
      "f_mean_sample": 0.020015667271425185,
      "fn": 57,
      "fp": 6655,
      "fp_to_fn_ratio": 116.75438596491227,
      "n_samples_with_bus": 6,
      "precision": 0.0022488755622188904,
      "recall": 0.20833333333333334,
      "tp": 15
    },
    "hihat": {
      "f_aggregate": 0.02443021004022047,
      "f_max_sample": 0.15165876777251186,
      "f_mean_sample": 0.06727371212687053,
      "fn": 56,
      "fp": 6493,
      "fp_to_fn_ratio": 115.94642857142857,
      "n_samples_with_bus": 10,
      "precision": 0.012471482889733841,
      "recall": 0.5942028985507246,
      "tp": 82
    },
    "kick": {
      "f_aggregate": 0.02892768079800499,
      "f_max_sample": 0.1095890410958904,
      "f_mean_sample": 0.056579087552646165,
      "fn": 347,
      "fp": 1600,
      "fp_to_fn_ratio": 4.610951008645533,
      "n_samples_with_bus": 14,
      "precision": 0.01780233271945979,
      "recall": 0.07712765957446809,
      "tp": 29
    },
    "ride": {
      "f_aggregate": 0.044598612487611496,
      "f_max_sample": 0.1818181818181818,
      "f_mean_sample": 0.10963906285975057,
      "fn": 218,
      "fp": 1710,
      "fp_to_fn_ratio": 7.844036697247707,
      "n_samples_with_bus": 11,
      "precision": 0.02564102564102564,
      "recall": 0.17110266159695817,
      "tp": 45
    },
    "snare": {
      "f_aggregate": 0.0926517571884984,
      "f_max_sample": 0.2704918032786885,
      "f_mean_sample": 0.10966002972420122,
      "fn": 303,
      "fp": 6513,
      "fp_to_fn_ratio": 21.495049504950494,
      "n_samples_with_bus": 26,
      "precision": 0.050721469173589856,
      "recall": 0.5345622119815668,
      "tp": 348
    },
    "tom_hi_mid": {
      "f_aggregate": 0.027477102414654456,
      "f_max_sample": 0.17857142857142858,
      "f_mean_sample": 0.10212063639452713,
      "fn": 160,
      "fp": 2176,
      "fp_to_fn_ratio": 13.6,
      "n_samples_with_bus": 6,
      "precision": 0.014938886373924853,
      "recall": 0.17098445595854922,
      "tp": 33
    }
  },
  "per_bus_drskit_train_tuned": {
    "crash_a": {
      "f_aggregate": null,
      "f_max_sample": 0.0,
      "f_mean_sample": 0.0,
      "fn": 0,
      "fp": 21,
      "fp_to_fn_ratio": null,
      "n_samples_with_bus": 7,
      "precision": 0.0,
      "recall": null,
      "tp": 0
    },
    "crash_b_misc": {
      "f_aggregate": 0.04395604395604396,
      "f_max_sample": 0.2,
      "f_mean_sample": 0.03471074380165289,
      "fn": 12,
      "fp": 75,
      "fp_to_fn_ratio": 6.25,
      "n_samples_with_bus": 11,
      "precision": 0.025974025974025976,
      "recall": 0.14285714285714285,
      "tp": 2
    },
    "floor": {
      "f_aggregate": 0.006389776357827476,
      "f_max_sample": 0.03680981595092025,
      "f_mean_sample": 0.0022449287410509777,
      "fn": 13,
      "fp": 1231,
      "fp_to_fn_ratio": 94.6923076923077,
      "n_samples_with_bus": 22,
      "precision": 0.0032388663967611335,
      "recall": 0.23529411764705882,
      "tp": 4
    },
    "hihat": {
      "f_aggregate": 0.029958677685950414,
      "f_max_sample": 1.0,
      "f_mean_sample": 0.1085387037610258,
      "fn": 56,
      "fp": 1822,
      "fp_to_fn_ratio": 32.535714285714285,
      "n_samples_with_bus": 24,
      "precision": 0.015667206915180983,
      "recall": 0.3411764705882353,
      "tp": 29
    },
    "kick": {
      "f_aggregate": 0.05947955390334572,
      "f_max_sample": 0.1818181818181818,
      "f_mean_sample": 0.06567646366229361,
      "fn": 191,
      "fp": 315,
      "fp_to_fn_ratio": 1.649214659685864,
      "n_samples_with_bus": 26,
      "precision": 0.04833836858006042,
      "recall": 0.07729468599033816,
      "tp": 16
    },
    "ride": {
      "f_aggregate": 0.04,
      "f_max_sample": 0.16216216216216214,
      "f_mean_sample": 0.028664089190404977,
      "fn": 155,
      "fp": 277,
      "fp_to_fn_ratio": 1.7870967741935484,
      "n_samples_with_bus": 24,
      "precision": 0.03146853146853147,
      "recall": 0.054878048780487805,
      "tp": 9
    },
    "snare": {
      "f_aggregate": 0.059675036927621855,
      "f_max_sample": 0.3076923076923077,
      "f_mean_sample": 0.09164266680322079,
      "fn": 255,
      "fp": 2928,
      "fp_to_fn_ratio": 11.48235294117647,
      "n_samples_with_bus": 30,
      "precision": 0.03334433806536811,
      "recall": 0.28370786516853935,
      "tp": 101
    },
    "tom_hi_mid": {
      "f_aggregate": 0.03678929765886287,
      "f_max_sample": 0.1904761904761905,
      "f_mean_sample": 0.018574722379070208,
      "fn": 98,
      "fp": 478,
      "fp_to_fn_ratio": 4.877551020408164,
      "n_samples_with_bus": 23,
      "precision": 0.022494887525562373,
      "recall": 0.10091743119266056,
      "tp": 11
    }
  },
  "per_bus_shittykit_val_fixed": {
    "crash_a": {
      "f_aggregate": null,
      "f_max_sample": null,
      "f_mean_sample": null,
      "fn": 2,
      "fp": 351,
      "fp_to_fn_ratio": 175.5,
      "n_samples_with_bus": 0,
      "precision": 0.0,
      "recall": 0.0,
      "tp": 0
    },
    "crash_b_misc": {
      "f_aggregate": 0.0016116035455278,
      "f_max_sample": 0.0909090909090909,
      "f_mean_sample": 0.0748663101604278,
      "fn": 97,
      "fp": 2381,
      "fp_to_fn_ratio": 24.54639175257732,
      "n_samples_with_bus": 2,
      "precision": 0.000839278220730172,
      "recall": 0.020202020202020204,
      "tp": 2
    },
    "floor": {
      "f_aggregate": 0.020975663798515457,
      "f_max_sample": 0.20161290322580644,
      "f_mean_sample": 0.04683771180632363,
      "fn": 285,
      "fp": 26226,
      "fp_to_fn_ratio": 92.02105263157895,
      "n_samples_with_bus": 52,
      "precision": 0.010712938513768389,
      "recall": 0.4991212653778559,
      "tp": 284
    },
    "hihat": {
      "f_aggregate": 0.027331500909759592,
      "f_max_sample": 0.16521739130434784,
      "f_mean_sample": 0.048967843441075326,
      "fn": 300,
      "fp": 24825,
      "fp_to_fn_ratio": 82.75,
      "n_samples_with_bus": 62,
      "precision": 0.014020176344427674,
      "recall": 0.5405819295558959,
      "tp": 353
    },
    "kick": {
      "f_aggregate": 0.023118350190463682,
      "f_max_sample": 0.23655913978494622,
      "f_mean_sample": 0.05592881864344259,
      "fn": 903,
      "fp": 6534,
      "fp_to_fn_ratio": 7.235880398671096,
      "n_samples_with_bus": 42,
      "precision": 0.013289036544850499,
      "recall": 0.08879919273461151,
      "tp": 88
    },
    "ride": {
      "f_aggregate": 0.020090887347524518,
      "f_max_sample": 0.1686746987951807,
      "f_mean_sample": 0.08928584078187352,
      "fn": 454,
      "fp": 7740,
      "fp_to_fn_ratio": 17.048458149779737,
      "n_samples_with_bus": 20,
      "precision": 0.010736196319018405,
      "recall": 0.15613382899628253,
      "tp": 84
    },
    "snare": {
      "f_aggregate": 0.0826497984151258,