{
  "checkpoint": "artifacts/mini_l3_tcn_loss-B-planA.pt",
  "f_overall_drskit_train_fixed": 0.11331384243882121,
  "f_overall_drskit_train_tuned": 0.05128990179322098,
  "f_overall_shittykit_fixed": 0.08376142960637002,
  "f_overall_shittykit_tuned": 0.053939702044182025,
  "fixed_threshold": 0.08,
  "n_drskit_train_samples_eval": 30,
  "n_shittykit_val_samples": 115,
  "per_bus_drskit_train_fixed": {
    "crash_a": {
      "f_aggregate": null,
      "f_max_sample": null,
      "f_mean_sample": null,
      "fn": 0,
      "fp": 30,
      "fp_to_fn_ratio": null,
      "n_samples_with_bus": 0,
      "precision": 0.0,
      "recall": null,
      "tp": 0
    },
    "crash_b_misc": {
      "f_aggregate": null,
      "f_max_sample": null,
      "f_mean_sample": null,
      "fn": 36,
      "fp": 65,
      "fp_to_fn_ratio": 1.8055555555555556,
      "n_samples_with_bus": 0,
      "precision": 0.0,
      "recall": 0.0,
      "tp": 0
    },
    "floor": {
      "f_aggregate": 0.00553191489361702,
      "f_max_sample": 0.0588235294117647,
      "f_mean_sample": 0.023976736744395582,
      "fn": 59,
      "fp": 4615,
      "fp_to_fn_ratio": 78.22033898305085,
      "n_samples_with_bus": 6,
      "precision": 0.0028089887640449437,
      "recall": 0.18055555555555555,
      "tp": 13
    },
    "hihat": {
      "f_aggregate": 0.026713532513181024,
      "f_max_sample": 0.13756613756613756,
      "f_mean_sample": 0.07183924645440093,
      "fn": 62,
      "fp": 5476,
      "fp_to_fn_ratio": 88.3225806451613,
      "n_samples_with_bus": 10,
      "precision": 0.013688760806916427,
      "recall": 0.5507246376811594,
      "tp": 76
    },
    "kick": {
      "f_aggregate": 0.03060109289617486,
      "f_max_sample": 0.1851851851851852,
      "f_mean_sample": 0.12947068415066934,
      "fn": 362,
      "fp": 525,
      "fp_to_fn_ratio": 1.4502762430939227,
      "n_samples_with_bus": 6,
      "precision": 0.025974025974025976,
      "recall": 0.03723404255319149,
      "tp": 14
    },
    "ride": {
      "f_aggregate": 0.018587360594795536,
      "f_max_sample": 0.22222222222222224,
      "f_mean_sample": 0.11526143790849674,
      "fn": 258,
      "fp": 270,
      "fp_to_fn_ratio": 1.0465116279069768,
      "n_samples_with_bus": 4,
      "precision": 0.01818181818181818,
      "recall": 0.019011406844106463,
      "tp": 5
    },
    "snare": {
      "f_aggregate": 0.0957562568008705,
      "f_max_sample": 0.2682926829268293,
      "f_mean_sample": 0.11120778998481368,
      "fn": 299,
      "fp": 6349,
      "fp_to_fn_ratio": 21.234113712374583,
      "n_samples_with_bus": 26,
      "precision": 0.05252947321295329,
      "recall": 0.5407066052227343,
      "tp": 352
    },
    "tom_hi_mid": {
      "f_aggregate": 0.019323671497584544,
      "f_max_sample": 0.09090909090909091,
      "f_mean_sample": 0.07993730407523511,
      "fn": 189,
      "fp": 217,
      "fp_to_fn_ratio": 1.1481481481481481,
      "n_samples_with_bus": 2,
      "precision": 0.01809954751131222,
      "recall": 0.02072538860103627,
      "tp": 4
    }
  },
  "per_bus_drskit_train_tuned": {
    "crash_a": {
      "f_aggregate": null,
      "f_max_sample": 0.0,
      "f_mean_sample": 0.0,
      "fn": 0,
      "fp": 21,
      "fp_to_fn_ratio": null,
      "n_samples_with_bus": 21,
      "precision": 0.0,
      "recall": null,
      "tp": 0
    },
    "crash_b_misc": {
      "f_aggregate": 0.04938271604938271,
      "f_max_sample": 0.22222222222222224,
      "f_mean_sample": 0.01646090534979424,
      "fn": 12,
      "fp": 65,
      "fp_to_fn_ratio": 5.416666666666667,
      "n_samples_with_bus": 27,
      "precision": 0.029850746268656716,
      "recall": 0.14285714285714285,
      "tp": 2
    },
    "floor": {
      "f_aggregate": 0.01244296972210701,
      "f_max_sample": 0.058139534883720936,
      "f_mean_sample": 0.0050668490585116,
      "fn": 2,
      "fp": 2379,
      "fp_to_fn_ratio": 1189.5,
      "n_samples_with_bus": 30,
      "precision": 0.006265664160401002,
      "recall": 0.8823529411764706,
      "tp": 15
    },
    "hihat": {
      "f_aggregate": 0.032718412808910545,
      "f_max_sample": 1.0,
      "f_mean_sample": 0.09713250230570984,
      "fn": 38,
      "fp": 2741,
      "fp_to_fn_ratio": 72.13157894736842,
      "n_samples_with_bus": 27,
      "precision": 0.01685796269727403,
      "recall": 0.5529411764705883,
      "tp": 47
    },
    "kick": {
      "f_aggregate": 0.1452513966480447,
      "f_max_sample": 0.273972602739726,
      "f_mean_sample": 0.11133662232455296,
      "fn": 155,
      "fp": 457,
      "fp_to_fn_ratio": 2.9483870967741934,
      "n_samples_with_bus": 30,
      "precision": 0.10216110019646366,
      "recall": 0.25120772946859904,
      "tp": 52
    },
    "ride": {
      "f_aggregate": 0.08797653958944282,
      "f_max_sample": 0.22222222222222218,
      "f_mean_sample": 0.04209995208111969,
      "fn": 134,
      "fp": 488,
      "fp_to_fn_ratio": 3.6417910447761193,
      "n_samples_with_bus": 27,
      "precision": 0.05791505791505792,
      "recall": 0.18292682926829268,
      "tp": 30
    },
    "snare": {
      "f_aggregate": 0.09152915291529153,
      "f_max_sample": 0.33333333333333337,
      "f_mean_sample": 0.11002700646124011,
      "fn": 148,
      "fp": 3981,
      "fp_to_fn_ratio": 26.89864864864865,
      "n_samples_with_bus": 30,
      "precision": 0.049653855335402244,
      "recall": 0.5842696629213483,
      "tp": 208
    },
    "tom_hi_mid": {
      "f_aggregate": 0.012698412698412698,
      "f_max_sample": 0.07692307692307691,
      "f_mean_sample": 0.004945054945054944,
      "fn": 107,
      "fp": 204,
      "fp_to_fn_ratio": 1.9065420560747663,
      "n_samples_with_bus": 30,
      "precision": 0.009708737864077669,
      "recall": 0.01834862385321101,
      "tp": 2
    }
  },
  "per_bus_shittykit_val_fixed": {
    "crash_a": {
      "f_aggregate": null,
      "f_max_sample": null,
      "f_mean_sample": null,
      "fn": 2,
      "fp": 115,
      "fp_to_fn_ratio": 57.5,
      "n_samples_with_bus": 0,
      "precision": 0.0,
      "recall": 0.0,
      "tp": 0
    },
    "crash_b_misc": {
      "f_aggregate": null,
      "f_max_sample": null,
      "f_mean_sample": null,
      "fn": 99,
      "fp": 239,
      "fp_to_fn_ratio": 2.414141414141414,
      "n_samples_with_bus": 0,
      "precision": 0.0,
      "recall": 0.0,
      "tp": 0
    },
    "floor": {
      "f_aggregate": 0.026461940542306436,
      "f_max_sample": 0.25142857142857145,
      "f_mean_sample": 0.06071895973304211,
      "fn": 326,
      "fp": 17554,
      "fp_to_fn_ratio": 53.84662576687116,
      "n_samples_with_bus": 50,
      "precision": 0.0136539866269596,
      "recall": 0.4270650263620387,
      "tp": 243
    },
    "hihat": {
      "f_aggregate": 0.030813848105854632,
      "f_max_sample": 0.18357487922705312,
      "f_mean_sample": 0.05511682234874997,
      "fn": 313,
      "fp": 21075,
      "fp_to_fn_ratio": 67.33226837060703,
      "n_samples_with_bus": 63,
      "precision": 0.015876721923885128,
      "recall": 0.5206738131699847,
      "tp": 340
    },
    "kick": {
      "f_aggregate": 0.032245969253843265,
      "f_max_sample": 0.2608695652173913,
      "f_mean_sample": 0.10058008817114855,
      "fn": 948,
      "fp": 1633,
      "fp_to_fn_ratio": 1.7225738396624473,
      "n_samples_with_bus": 27,
      "precision": 0.0256563245823389,
      "recall": 0.04339051463168517,
      "tp": 43
    },
    "ride": {
      "f_aggregate": 0.005871990604815032,
      "f_max_sample": 0.10000000000000002,
      "f_mean_sample": 0.06616802552286424,
      "fn": 533,
      "fp": 1160,
      "fp_to_fn_ratio": 2.176360225140713,
      "n_samples_with_bus": 5,
      "precision": 0.004291845493562232,
      "recall": 0.00929368029739777,
      "tp": 5
    },
    "snare": {
      "f_aggregate": 0.0862566767720514,
      "f_max_sample": 0.2903225806451613,
      "f_mean_sample": 0.09071717309580507,
      "fn": 867,
      "fp": 24451,