{
  "checkpoint": "artifacts/mini_l3_tcn_loss-A.pt",
  "f_overall_drskit_train_fixed": 0.12000730183318606,
  "f_overall_drskit_train_tuned": 0.06123384048716717,
  "f_overall_shittykit_fixed": 0.0760264629498567,
  "f_overall_shittykit_tuned": 0.05971570376670106,
  "fixed_threshold": 0.1,
  "n_drskit_train_samples_eval": 30,
  "n_shittykit_val_samples": 115,
  "per_bus_drskit_train_fixed": {
    "crash_a": {
      "f_aggregate": null,
      "f_max_sample": null,
      "f_mean_sample": null,
      "fn": 0,
      "fp": 5,
      "fp_to_fn_ratio": null,
      "n_samples_with_bus": 0,
      "precision": 0.0,
      "recall": null,
      "tp": 0
    },
    "crash_b_misc": {
      "f_aggregate": null,
      "f_max_sample": null,
      "f_mean_sample": null,
      "fn": 36,
      "fp": 44,
      "fp_to_fn_ratio": 1.2222222222222223,
      "n_samples_with_bus": 0,
      "precision": 0.0,
      "recall": 0.0,
      "tp": 0
    },
    "floor": {
      "f_aggregate": 0.005203550658096113,
      "f_max_sample": 0.05263157894736842,
      "f_mean_sample": 0.021296011533141153,
      "fn": 55,
      "fp": 6445,
      "fp_to_fn_ratio": 117.18181818181819,
      "n_samples_with_bus": 7,
      "precision": 0.0026307644692045804,
      "recall": 0.2361111111111111,
      "tp": 17
    },
    "hihat": {
      "f_aggregate": 0.025513033832501385,
      "f_max_sample": 0.13471502590673576,
      "f_mean_sample": 0.10811628749642847,
      "fn": 92,
      "fp": 3422,
      "fp_to_fn_ratio": 37.19565217391305,
      "n_samples_with_bus": 6,
      "precision": 0.0132641291810842,
      "recall": 0.3333333333333333,
      "tp": 46
    },
    "kick": {
      "f_aggregate": 0.02194787379972565,
      "f_max_sample": 0.1,
      "f_mean_sample": 0.08989898989898991,
      "fn": 368,
      "fp": 345,
      "fp_to_fn_ratio": 0.9375,
      "n_samples_with_bus": 6,
      "precision": 0.0226628895184136,
      "recall": 0.02127659574468085,
      "tp": 8
    },
    "ride": {
      "f_aggregate": 0.04123711340206186,
      "f_max_sample": 0.3333333333333333,
      "f_mean_sample": 0.0999173900462412,
      "fn": 243,
      "fp": 687,
      "fp_to_fn_ratio": 2.8271604938271606,
      "n_samples_with_bus": 10,
      "precision": 0.028288543140028287,
      "recall": 0.07604562737642585,
      "tp": 20
    },
    "snare": {
      "f_aggregate": 0.09060315816722754,
      "f_max_sample": 0.2633744855967078,
      "f_mean_sample": 0.10826041380906985,
      "fn": 301,
      "fp": 6725,
      "fp_to_fn_ratio": 22.3421926910299,
      "n_samples_with_bus": 26,
      "precision": 0.04946996466431095,
      "recall": 0.5376344086021505,
      "tp": 350
    },
    "tom_hi_mid": {
      "f_aggregate": 0.034513274336283185,
      "f_max_sample": 0.2476190476190476,
      "f_mean_sample": 0.12212454890035356,
      "fn": 154,
      "fp": 2028,
      "fp_to_fn_ratio": 13.168831168831169,
      "n_samples_with_bus": 6,
      "precision": 0.018867924528301886,
      "recall": 0.20207253886010362,
      "tp": 39
    }
  },
  "per_bus_drskit_train_tuned": {
    "crash_a": {
      "f_aggregate": null,
      "f_max_sample": 0.0,
      "f_mean_sample": 0.0,
      "fn": 0,
      "fp": 6,
      "fp_to_fn_ratio": null,
      "n_samples_with_bus": 3,
      "precision": 0.0,
      "recall": null,
      "tp": 0
    },
    "crash_b_misc": {
      "f_aggregate": 0.10256410256410256,
      "f_max_sample": 0.22222222222222224,
      "f_mean_sample": 0.04938271604938272,
      "fn": 12,
      "fp": 23,
      "fp_to_fn_ratio": 1.9166666666666667,
      "n_samples_with_bus": 9,
      "precision": 0.08,
      "recall": 0.14285714285714285,
      "tp": 2
    },
    "floor": {
      "f_aggregate": 0.006101694915254237,
      "f_max_sample": 0.07692307692307691,
      "f_mean_sample": 0.005642731737659751,
      "fn": 8,
      "fp": 2924,
      "fp_to_fn_ratio": 365.5,
      "n_samples_with_bus": 29,
      "precision": 0.003068530514831231,
      "recall": 0.5294117647058824,
      "tp": 9
    },
    "hihat": {
      "f_aggregate": 0.03361344537815126,
      "f_max_sample": 0.4,
      "f_mean_sample": 0.0503950512904392,
      "fn": 57,
      "fp": 1553,
      "fp_to_fn_ratio": 27.24561403508772,
      "n_samples_with_bus": 29,
      "precision": 0.017710309930423784,
      "recall": 0.32941176470588235,
      "tp": 28
    },
    "kick": {
      "f_aggregate": 0.05568445475638051,
      "f_max_sample": 0.25,
      "f_mean_sample": 0.06792781617343022,
      "fn": 195,
      "fp": 212,
      "fp_to_fn_ratio": 1.087179487179487,
      "n_samples_with_bus": 27,
      "precision": 0.05357142857142857,
      "recall": 0.057971014492753624,
      "tp": 12
    },
    "ride": {
      "f_aggregate": 0.08304498269896193,
      "f_max_sample": 0.2962962962962963,
      "f_mean_sample": 0.043283329095686066,
      "fn": 140,
      "fp": 390,
      "fp_to_fn_ratio": 2.7857142857142856,
      "n_samples_with_bus": 25,
      "precision": 0.057971014492753624,
      "recall": 0.14634146341463414,
      "tp": 24
    },
    "snare": {
      "f_aggregate": 0.08412537917087967,
      "f_max_sample": 0.6666666666666666,
      "f_mean_sample": 0.136814472958413,
      "fn": 148,
      "fp": 4381,
      "fp_to_fn_ratio": 29.60135135135135,
      "n_samples_with_bus": 30,
      "precision": 0.0453257790368272,
      "recall": 0.5842696629213483,
      "tp": 208
    },
    "tom_hi_mid": {
      "f_aggregate": 0.032767700409596257,
      "f_max_sample": 0.15873015873015875,
      "f_mean_sample": 0.028283806450676865,
      "fn": 81,
      "fp": 1572,
      "fp_to_fn_ratio": 19.40740740740741,
      "n_samples_with_bus": 25,
      "precision": 0.0175,
      "recall": 0.25688073394495414,
      "tp": 28
    }
  },
  "per_bus_shittykit_val_fixed": {
    "crash_a": {
      "f_aggregate": null,
      "f_max_sample": null,
      "f_mean_sample": null,
      "fn": 2,
      "fp": 15,
      "fp_to_fn_ratio": 7.5,
      "n_samples_with_bus": 0,
      "precision": 0.0,
      "recall": 0.0,
      "tp": 0
    },
    "crash_b_misc": {
      "f_aggregate": null,
      "f_max_sample": null,
      "f_mean_sample": null,
      "fn": 99,
      "fp": 201,
      "fp_to_fn_ratio": 2.0303030303030303,
      "n_samples_with_bus": 0,
      "precision": 0.0,
      "recall": 0.0,
      "tp": 0
    },
    "floor": {
      "f_aggregate": 0.022041169756366354,
      "f_max_sample": 0.20253164556962025,
      "f_mean_sample": 0.04785066061583448,
      "fn": 289,
      "fp": 24558,
      "fp_to_fn_ratio": 84.9757785467128,
      "n_samples_with_bus": 53,
      "precision": 0.01127304935985184,
      "recall": 0.492091388400703,
      "tp": 280
    },
    "hihat": {
      "f_aggregate": 0.027181898325007347,
      "f_max_sample": 0.1656050955414013,
      "f_mean_sample": 0.05807287195502536,
      "fn": 468,
      "fp": 12774,
      "fp_to_fn_ratio": 27.294871794871796,
      "n_samples_with_bus": 49,
      "precision": 0.014275792885253491,
      "recall": 0.2833078101071976,
      "tp": 185
    },
    "kick": {
      "f_aggregate": 0.014866637516397026,
      "f_max_sample": 0.22222222222222224,
      "f_mean_sample": 0.09577611487691723,
      "fn": 974,
      "fp": 1279,
      "fp_to_fn_ratio": 1.3131416837782341,
      "n_samples_with_bus": 13,
      "precision": 0.013117283950617283,
      "recall": 0.017154389505549948,
      "tp": 17
    },
    "ride": {
      "f_aggregate": 0.017736786094359705,
      "f_max_sample": 0.1395348837209302,
      "f_mean_sample": 0.0665230961406521,
      "fn": 513,
      "fp": 2256,
      "fp_to_fn_ratio": 4.39766081871345,
      "n_samples_with_bus": 17,
      "precision": 0.010960105217010083,
      "recall": 0.046468401486988845,
      "tp": 25
    },
    "snare": {
      "f_aggregate": 0.08304950631300098,
      "f_max_sample": 0.2803030303030303,
      "f_mean_sample": 0.08841740164650946,
      "fn": 855,
      "fp": 25798,
      "fp_to_fn_ratio": 30.17309941520468,
      "n_samples_with_bus": 108,