{
  "checkpoint": "artifacts/mini_l3_tcn_loss-H.pt",
  "f_overall_drskit_train_fixed": 0.11457396549622274,
  "f_overall_drskit_train_tuned": 0.056819966299457285,
  "f_overall_shittykit_fixed": 0.0856111434691139,
  "f_overall_shittykit_tuned": 0.05385916411219729,
  "fixed_threshold": 0.2,
  "n_drskit_train_samples_eval": 30,
  "n_shittykit_val_samples": 115,
  "per_bus_drskit_train_fixed": {
    "crash_a": {
      "f_aggregate": null,
      "f_max_sample": null,
      "f_mean_sample": null,
      "fn": 0,
      "fp": 0,
      "fp_to_fn_ratio": null,
      "n_samples_with_bus": 0,
      "precision": null,
      "recall": null,
      "tp": 0
    },
    "crash_b_misc": {
      "f_aggregate": null,
      "f_max_sample": null,
      "f_mean_sample": null,
      "fn": 36,
      "fp": 30,
      "fp_to_fn_ratio": 0.8333333333333334,
      "n_samples_with_bus": 0,
      "precision": 0.0,
      "recall": 0.0,
      "tp": 0
    },
    "floor": {
      "f_aggregate": 0.004650390300614516,
      "f_max_sample": 0.046511627906976744,
      "f_mean_sample": 0.018497287332044584,
      "fn": 58,
      "fp": 5935,
      "fp_to_fn_ratio": 102.32758620689656,
      "n_samples_with_bus": 7,
      "precision": 0.002353336695242898,
      "recall": 0.19444444444444445,
      "tp": 14
    },
    "hihat": {
      "f_aggregate": 0.037244897959183676,
      "f_max_sample": 0.19696969696969696,
      "f_mean_sample": 0.08689184256338611,
      "fn": 65,
      "fp": 3709,
      "fp_to_fn_ratio": 57.06153846153846,
      "n_samples_with_bus": 10,
      "precision": 0.01930195663670016,
      "recall": 0.5289855072463768,
      "tp": 73
    },
    "kick": {
      "f_aggregate": 0.013386880856760376,
      "f_max_sample": 0.08333333333333333,
      "f_mean_sample": 0.05996751405146187,
      "fn": 371,
      "fp": 366,
      "fp_to_fn_ratio": 0.9865229110512129,
      "n_samples_with_bus": 5,
      "precision": 0.013477088948787063,
      "recall": 0.013297872340425532,
      "tp": 5
    },
    "ride": {
      "f_aggregate": 0.04906542056074767,
      "f_max_sample": 0.18666666666666668,
      "f_mean_sample": 0.10915056801514922,
      "fn": 221,
      "fp": 1407,
      "fp_to_fn_ratio": 6.366515837104072,
      "n_samples_with_bus": 11,
      "precision": 0.028985507246376812,
      "recall": 0.1596958174904943,
      "tp": 42
    },
    "snare": {
      "f_aggregate": 0.09831709477413642,
      "f_max_sample": 0.2895927601809955,
      "f_mean_sample": 0.11484917152963162,
      "fn": 318,
      "fp": 5790,
      "fp_to_fn_ratio": 18.20754716981132,
      "n_samples_with_bus": 26,
      "precision": 0.05438510534051935,
      "recall": 0.511520737327189,
      "tp": 333
    },
    "tom_hi_mid": {
      "f_aggregate": 0.03454231433506045,
      "f_max_sample": 0.12244897959183672,
      "f_mean_sample": 0.10133178316960705,
      "fn": 183,
      "fp": 376,
      "fp_to_fn_ratio": 2.0546448087431695,
      "n_samples_with_bus": 4,
      "precision": 0.025906735751295335,
      "recall": 0.05181347150259067,
      "tp": 10
    }
  },
  "per_bus_drskit_train_tuned": {
    "crash_a": {
      "f_aggregate": null,
      "f_max_sample": 0.0,
      "f_mean_sample": 0.0,
      "fn": 0,
      "fp": 274,
      "fp_to_fn_ratio": null,
      "n_samples_with_bus": 12,
      "precision": 0.0,
      "recall": null,
      "tp": 0
    },
    "crash_b_misc": {
      "f_aggregate": 0.007476635514018692,
      "f_max_sample": 0.25,
      "f_mean_sample": 0.0225,
      "fn": 12,
      "fp": 519,
      "fp_to_fn_ratio": 43.25,
      "n_samples_with_bus": 20,
      "precision": 0.003838771593090211,
      "recall": 0.14285714285714285,
      "tp": 2
    },
    "floor": {
      "f_aggregate": 0.006846188954815153,
      "f_max_sample": 0.05917159763313609,
      "f_mean_sample": 0.004907620080321623,
      "fn": 2,
      "fp": 4350,
      "fp_to_fn_ratio": 2175.0,
      "n_samples_with_bus": 30,
      "precision": 0.003436426116838488,
      "recall": 0.8823529411764706,
      "tp": 15
    },
    "hihat": {
      "f_aggregate": 0.02472453641494222,
      "f_max_sample": 0.6666666666666666,
      "f_mean_sample": 0.05626027232599186,
      "fn": 39,
      "fp": 3590,
      "fp_to_fn_ratio": 92.05128205128206,
      "n_samples_with_bus": 30,
      "precision": 0.012651265126512651,
      "recall": 0.5411764705882353,
      "tp": 46
    },
    "kick": {
      "f_aggregate": 0.05069444444444445,
      "f_max_sample": 0.2105263157894737,
      "f_mean_sample": 0.07325341681484379,
      "fn": 134,
      "fp": 2600,
      "fp_to_fn_ratio": 19.402985074626866,
      "n_samples_with_bus": 30,
      "precision": 0.027310138421249533,
      "recall": 0.3526570048309179,
      "tp": 73
    },
    "ride": {
      "f_aggregate": 0.052419354838709686,
      "f_max_sample": 0.26415094339622647,
      "f_mean_sample": 0.05500079951690453,
      "fn": 73,
      "fp": 3217,
      "fp_to_fn_ratio": 44.06849315068493,
      "n_samples_with_bus": 30,
      "precision": 0.02750906892382104,
      "recall": 0.5548780487804879,
      "tp": 91
    },
    "snare": {
      "f_aggregate": 0.08756497401039585,
      "f_max_sample": 0.3111111111111111,
      "f_mean_sample": 0.12158277821071509,
      "fn": 137,
      "fp": 4427,
      "fp_to_fn_ratio": 32.31386861313869,
      "n_samples_with_bus": 30,
      "precision": 0.047137322427894965,
      "recall": 0.6151685393258427,
      "tp": 219
    },
    "tom_hi_mid": {
      "f_aggregate": 0.06786761625471302,
      "f_max_sample": 0.2872340425531915,
      "f_mean_sample": 0.04131192052115738,
      "fn": 28,
      "fp": 2197,
      "fp_to_fn_ratio": 78.46428571428571,
      "n_samples_with_bus": 22,
      "precision": 0.03555750658472344,
      "recall": 0.7431192660550459,
      "tp": 81
    }
  },
  "per_bus_shittykit_val_fixed": {
    "crash_a": {
      "f_aggregate": null,
      "f_max_sample": null,
      "f_mean_sample": null,
      "fn": 2,
      "fp": 0,
      "fp_to_fn_ratio": 0.0,
      "n_samples_with_bus": 0,
      "precision": null,
      "recall": 0.0,
      "tp": 0
    },
    "crash_b_misc": {
      "f_aggregate": null,
      "f_max_sample": null,
      "f_mean_sample": null,
      "fn": 99,
      "fp": 115,
      "fp_to_fn_ratio": 1.1616161616161615,
      "n_samples_with_bus": 0,
      "precision": 0.0,
      "recall": 0.0,
      "tp": 0
    },
    "floor": {
      "f_aggregate": 0.02318670740384213,
      "f_max_sample": 0.215962441314554,
      "f_mean_sample": 0.05122133331371971,
      "fn": 292,
      "fp": 23047,
      "fp_to_fn_ratio": 78.92808219178082,
      "n_samples_with_bus": 53,
      "precision": 0.01187617904304579,
      "recall": 0.4868189806678383,
      "tp": 277
    },
    "hihat": {
      "f_aggregate": 0.03224140898399403,
      "f_max_sample": 0.2151898734177215,
      "f_mean_sample": 0.06166356775472648,
      "fn": 372,
      "fp": 16497,
      "fp_to_fn_ratio": 44.346774193548384,
      "n_samples_with_bus": 57,
      "precision": 0.016748122541423292,
      "recall": 0.43032159264931086,
      "tp": 281
    },
    "kick": {
      "f_aggregate": 0.01426962072850169,
      "f_max_sample": 0.20000000000000004,
      "f_mean_sample": 0.08056526235787523,
      "fn": 972,
      "fp": 1653,
      "fp_to_fn_ratio": 1.7006172839506173,
      "n_samples_with_bus": 16,
      "precision": 0.011363636363636364,
      "recall": 0.01917255297679112,
      "tp": 19
    },
    "ride": {
      "f_aggregate": 0.019586163323329648,
      "f_max_sample": 0.17142857142857143,
      "f_mean_sample": 0.08824285060518497,
      "fn": 476,
      "fp": 5731,
      "fp_to_fn_ratio": 12.039915966386555,
      "n_samples_with_bus": 19,
      "precision": 0.01070257206973934,
      "recall": 0.11524163568773234,
      "tp": 62
    },
    "snare": {
      "f_aggregate": 0.09059739421564277,
      "f_max_sample": 0.30769230769230765,
      "f_mean_sample": 0.09501926405417632,
      "fn": 939,
      "fp": 21606,
      "fp_to_fn_ratio": 23.009584664536742,