{
  "checkpoint": "artifacts/mini_l3_tcn_p1p2_c64_mixed5kit.pt",
  "f_overall_drskit_train_fixed": 0.1069184335657322,
  "f_overall_drskit_train_tuned": 0.056661067236177476,
  "f_overall_shittykit_fixed": 0.08439289067099207,
  "f_overall_shittykit_tuned": 0.05558841186209807,
  "fixed_threshold": 0.1,
  "n_drskit_train_samples_eval": 30,
  "n_shittykit_val_samples": 115,
  "per_bus_drskit_train_fixed": {
    "crash_a": {
      "f_aggregate": null,
      "f_max_sample": null,
      "f_mean_sample": null,
      "fn": 0,
      "fp": 33,
      "fp_to_fn_ratio": null,
      "n_samples_with_bus": 0,
      "precision": 0.0,
      "recall": null,
      "tp": 0
    },
    "crash_b_misc": {
      "f_aggregate": null,
      "f_max_sample": null,
      "f_mean_sample": null,
      "fn": 36,
      "fp": 214,
      "fp_to_fn_ratio": 5.944444444444445,
      "n_samples_with_bus": 0,
      "precision": 0.0,
      "recall": 0.0,
      "tp": 0
    },
    "floor": {
      "f_aggregate": 0.004771751232702402,
      "f_max_sample": 0.04395604395604395,
      "f_mean_sample": 0.019003384819834386,
      "fn": 57,
      "fp": 6200,
      "fp_to_fn_ratio": 108.7719298245614,
      "n_samples_with_bus": 7,
      "precision": 0.002413515687851971,
      "recall": 0.20833333333333334,
      "tp": 15
    },
    "hihat": {
      "f_aggregate": 0.023988439306358383,
      "f_max_sample": 0.13215859030837004,
      "f_mean_sample": 0.06799530549495933,
      "fn": 55,
      "fp": 6699,
      "fp_to_fn_ratio": 121.8,
      "n_samples_with_bus": 10,
      "precision": 0.012238277794161015,
      "recall": 0.6014492753623188,
      "tp": 83
    },
    "kick": {
      "f_aggregate": 0.030552291421856642,
      "f_max_sample": 0.0909090909090909,
      "f_mean_sample": 0.07107920236889632,
      "fn": 363,
      "fp": 462,
      "fp_to_fn_ratio": 1.2727272727272727,
      "n_samples_with_bus": 11,
      "precision": 0.02736842105263158,
      "recall": 0.034574468085106384,
      "tp": 13
    },
    "ride": {
      "f_aggregate": 0.0502037489812551,
      "f_max_sample": 0.19587628865979384,
      "f_mean_sample": 0.11110559960659352,
      "fn": 109,
      "fp": 5718,
      "fp_to_fn_ratio": 52.45871559633027,
      "n_samples_with_bus": 14,
      "precision": 0.026226158038147138,
      "recall": 0.5855513307984791,
      "tp": 154
    },
    "snare": {
      "f_aggregate": 0.09687629007843676,
      "f_max_sample": 0.2689075630252101,
      "f_mean_sample": 0.1136243755724185,
      "fn": 299,
      "fp": 6264,
      "fp_to_fn_ratio": 20.94983277591973,
      "n_samples_with_bus": 26,
      "precision": 0.053204353083434096,
      "recall": 0.5407066052227343,
      "tp": 352
    },
    "tom_hi_mid": {
      "f_aggregate": 0.030726256983240222,
      "f_max_sample": 0.13559322033898305,
      "f_mean_sample": 0.09977661248182951,
      "fn": 182,
      "fp": 512,
      "fp_to_fn_ratio": 2.8131868131868134,
      "n_samples_with_bus": 4,
      "precision": 0.021032504780114723,
      "recall": 0.05699481865284974,
      "tp": 11
    }
  },
  "per_bus_drskit_train_tuned": {
    "crash_a": {
      "f_aggregate": null,
      "f_max_sample": 0.0,
      "f_mean_sample": 0.0,
      "fn": 0,
      "fp": 10,
      "fp_to_fn_ratio": null,
      "n_samples_with_bus": 8,
      "precision": 0.0,
      "recall": null,
      "tp": 0
    },
    "crash_b_misc": {
      "f_aggregate": 0.05797101449275363,
      "f_max_sample": 0.25,
      "f_mean_sample": 0.027777777777777776,
      "fn": 11,
      "fp": 54,
      "fp_to_fn_ratio": 4.909090909090909,
      "n_samples_with_bus": 17,
      "precision": 0.03571428571428571,
      "recall": 0.15384615384615385,
      "tp": 2
    },
    "floor": {
      "f_aggregate": 0.0037488284910965324,
      "f_max_sample": 0.012578616352201257,
      "f_mean_sample": 0.0008385744234800838,
      "fn": 13,
      "fp": 2113,
      "fp_to_fn_ratio": 162.53846153846155,
      "n_samples_with_bus": 30,
      "precision": 0.001889466225791214,
      "recall": 0.23529411764705882,
      "tp": 4
    },
    "hihat": {
      "f_aggregate": 0.036250647332988085,
      "f_max_sample": 0.23529411764705882,
      "f_mean_sample": 0.07917352850795077,
      "fn": 50,
      "fp": 1811,
      "fp_to_fn_ratio": 36.22,
      "n_samples_with_bus": 21,
      "precision": 0.01895991332611051,
      "recall": 0.4117647058823529,
      "tp": 35
    },
    "kick": {
      "f_aggregate": 0.07017543859649124,
      "f_max_sample": 0.2857142857142857,
      "f_mean_sample": 0.08005772005772008,
      "fn": 195,
      "fp": 123,
      "fp_to_fn_ratio": 0.6307692307692307,
      "n_samples_with_bus": 30,
      "precision": 0.08888888888888889,
      "recall": 0.057971014492753624,
      "tp": 12
    },
    "ride": {
      "f_aggregate": 0.04653937947494032,
      "f_max_sample": 0.2105263157894737,
      "f_mean_sample": 0.04381100186372046,
      "fn": 125,
      "fp": 1473,
      "fp_to_fn_ratio": 11.784,
      "n_samples_with_bus": 30,
      "precision": 0.025793650793650792,
      "recall": 0.23780487804878048,
      "tp": 39
    },
    "snare": {
      "f_aggregate": 0.07873594001071237,
      "f_max_sample": 0.4,
      "f_mean_sample": 0.11442210945733514,
      "fn": 209,
      "fp": 3231,
      "fp_to_fn_ratio": 15.45933014354067,
      "n_samples_with_bus": 30,
      "precision": 0.043516873889875664,
      "recall": 0.41292134831460675,
      "tp": 147
    },
    "tom_hi_mid": {
      "f_aggregate": 0.048387096774193554,
      "f_max_sample": 0.10714285714285714,
      "f_mean_sample": 0.0106203007518797,
      "fn": 103,
      "fp": 133,
      "fp_to_fn_ratio": 1.2912621359223302,
      "n_samples_with_bus": 20,
      "precision": 0.04316546762589928,
      "recall": 0.05504587155963303,
      "tp": 6
    }
  },
  "per_bus_shittykit_val_fixed": {
    "crash_a": {
      "f_aggregate": null,
      "f_max_sample": null,
      "f_mean_sample": null,
      "fn": 2,
      "fp": 133,
      "fp_to_fn_ratio": 66.5,
      "n_samples_with_bus": 0,
      "precision": 0.0,
      "recall": 0.0,
      "tp": 0
    },
    "crash_b_misc": {
      "f_aggregate": null,
      "f_max_sample": null,
      "f_mean_sample": null,
      "fn": 99,
      "fp": 826,
      "fp_to_fn_ratio": 8.343434343434344,
      "n_samples_with_bus": 0,
      "precision": 0.0,
      "recall": 0.0,
      "tp": 0
    },
    "floor": {
      "f_aggregate": 0.02369118621603711,
      "f_max_sample": 0.19130434782608696,
      "f_mean_sample": 0.049729971778612395,
      "fn": 283,
      "fp": 23289,
      "fp_to_fn_ratio": 82.29328621908127,
      "n_samples_with_bus": 54,
      "precision": 0.012131495227995759,
      "recall": 0.5026362038664324,
      "tp": 286
    },
    "hihat": {
      "f_aggregate": 0.028101598085385624,
      "f_max_sample": 0.15833333333333333,
      "f_mean_sample": 0.05045462235746694,
      "fn": 289,
      "fp": 24889,
      "fp_to_fn_ratio": 86.12110726643598,
      "n_samples_with_bus": 63,
      "precision": 0.01441412901437453,
      "recall": 0.557427258805513,
      "tp": 364
    },
    "kick": {
      "f_aggregate": 0.018423746161719552,
      "f_max_sample": 0.20000000000000004,
      "f_mean_sample": 0.07600650352499219,
      "fn": 964,
      "fp": 1913,
      "fp_to_fn_ratio": 1.9844398340248963,
      "n_samples_with_bus": 22,
      "precision": 0.013917525773195877,
      "recall": 0.027245206861755803,
      "tp": 27
    },
    "ride": {
      "f_aggregate": 0.02408590930829094,
      "f_max_sample": 0.20689655172413793,
      "f_mean_sample": 0.10490940094448645,
      "fn": 261,
      "fp": 22186,
      "fp_to_fn_ratio": 85.00383141762453,
      "n_samples_with_bus": 27,
      "precision": 0.012331389395895473,
      "recall": 0.5148698884758365,
      "tp": 277
    },
    "snare": {
      "f_aggregate": 0.09131108507502174,
      "f_max_sample": 0.29133858267716534,
      "f_mean_sample": 0.09652513055100567,
      "fn": 854,
      "fp": 23189,