{
  "checkpoint": "artifacts/mini_l3_tcn_loss-B-planA.pt",
  "f_overall_drskit_train_fixed": 0.10394148503152931,
  "f_overall_drskit_train_tuned": 0.05128990179322098,
  "f_overall_shittykit_fixed": 0.07697617372474684,
  "f_overall_shittykit_tuned": 0.053939702044182025,
  "fixed_threshold": 0.03,
  "n_drskit_train_samples_eval": 30,
  "n_shittykit_val_samples": 115,
  "per_bus_drskit_train_fixed": {
    "crash_a": {
      "f_aggregate": null,
      "f_max_sample": null,
      "f_mean_sample": null,
      "fn": 0,
      "fp": 30,
      "fp_to_fn_ratio": null,
      "n_samples_with_bus": 0,
      "precision": 0.0,
      "recall": null,
      "tp": 0
    },
    "crash_b_misc": {
      "f_aggregate": null,
      "f_max_sample": null,
      "f_mean_sample": null,
      "fn": 36,
      "fp": 236,
      "fp_to_fn_ratio": 6.555555555555555,
      "n_samples_with_bus": 0,
      "precision": 0.0,
      "recall": 0.0,
      "tp": 0
    },
    "floor": {
      "f_aggregate": 0.0046128500823723224,
      "f_max_sample": 0.04324324324324324,
      "f_mean_sample": 0.017544972739577017,
      "fn": 58,
      "fp": 5984,
      "fp_to_fn_ratio": 103.17241379310344,
      "n_samples_with_bus": 7,
      "precision": 0.002334111370456819,
      "recall": 0.19444444444444445,
      "tp": 14
    },
    "hihat": {
      "f_aggregate": 0.024521072796934867,
      "f_max_sample": 0.13636363636363635,
      "f_mean_sample": 0.06767155242091945,
      "fn": 58,
      "fp": 6307,
      "fp_to_fn_ratio": 108.74137931034483,
      "n_samples_with_bus": 10,
      "precision": 0.012525442304681384,
      "recall": 0.5797101449275363,
      "tp": 80
    },
    "kick": {
      "f_aggregate": 0.06297229219143576,
      "f_max_sample": 0.21176470588235294,
      "f_mean_sample": 0.07405752793332115,
      "fn": 201,
      "fp": 5007,
      "fp_to_fn_ratio": 24.91044776119403,
      "n_samples_with_bus": 26,
      "precision": 0.033770744886144344,
      "recall": 0.4654255319148936,
      "tp": 175
    },
    "ride": {
      "f_aggregate": 0.04789741655666604,
      "f_max_sample": 0.20809248554913293,
      "f_mean_sample": 0.11007798595297667,
      "fn": 136,
      "fp": 4913,
      "fp_to_fn_ratio": 36.125,
      "n_samples_with_bus": 14,
      "precision": 0.0251984126984127,
      "recall": 0.4828897338403042,
      "tp": 127
    },
    "snare": {
      "f_aggregate": 0.09552238805970151,
      "f_max_sample": 0.2682926829268293,
      "f_mean_sample": 0.11089411019693489,
      "fn": 299,
      "fp": 6367,
      "fp_to_fn_ratio": 21.294314381270905,
      "n_samples_with_bus": 26,
      "precision": 0.0523887483256437,
      "recall": 0.5407066052227343,
      "tp": 352
    },
    "tom_hi_mid": {
      "f_aggregate": 0.030942334739803096,
      "f_max_sample": 0.12121212121212122,
      "f_mean_sample": 0.09931096681096681,
      "fn": 182,
      "fp": 507,
      "fp_to_fn_ratio": 2.7857142857142856,
      "n_samples_with_bus": 4,
      "precision": 0.021235521235521235,
      "recall": 0.05699481865284974,
      "tp": 11
    }
  },
  "per_bus_drskit_train_tuned": {
    "crash_a": {
      "f_aggregate": null,
      "f_max_sample": 0.0,
      "f_mean_sample": 0.0,
      "fn": 0,
      "fp": 21,
      "fp_to_fn_ratio": null,
      "n_samples_with_bus": 21,
      "precision": 0.0,
      "recall": null,
      "tp": 0
    },
    "crash_b_misc": {
      "f_aggregate": 0.04938271604938271,
      "f_max_sample": 0.22222222222222224,
      "f_mean_sample": 0.01646090534979424,
      "fn": 12,
      "fp": 65,
      "fp_to_fn_ratio": 5.416666666666667,
      "n_samples_with_bus": 27,
      "precision": 0.029850746268656716,
      "recall": 0.14285714285714285,
      "tp": 2
    },
    "floor": {
      "f_aggregate": 0.01244296972210701,
      "f_max_sample": 0.058139534883720936,
      "f_mean_sample": 0.0050668490585116,
      "fn": 2,
      "fp": 2379,
      "fp_to_fn_ratio": 1189.5,
      "n_samples_with_bus": 30,
      "precision": 0.006265664160401002,
      "recall": 0.8823529411764706,
      "tp": 15
    },
    "hihat": {
      "f_aggregate": 0.032718412808910545,
      "f_max_sample": 1.0,
      "f_mean_sample": 0.09713250230570984,
      "fn": 38,
      "fp": 2741,
      "fp_to_fn_ratio": 72.13157894736842,
      "n_samples_with_bus": 27,
      "precision": 0.01685796269727403,
      "recall": 0.5529411764705883,
      "tp": 47
    },
    "kick": {
      "f_aggregate": 0.1452513966480447,
      "f_max_sample": 0.273972602739726,
      "f_mean_sample": 0.11133662232455296,
      "fn": 155,
      "fp": 457,
      "fp_to_fn_ratio": 2.9483870967741934,
      "n_samples_with_bus": 30,
      "precision": 0.10216110019646366,
      "recall": 0.25120772946859904,
      "tp": 52
    },
    "ride": {
      "f_aggregate": 0.08797653958944282,
      "f_max_sample": 0.22222222222222218,
      "f_mean_sample": 0.04209995208111969,
      "fn": 134,
      "fp": 488,
      "fp_to_fn_ratio": 3.6417910447761193,
      "n_samples_with_bus": 27,
      "precision": 0.05791505791505792,
      "recall": 0.18292682926829268,
      "tp": 30
    },
    "snare": {
      "f_aggregate": 0.09152915291529153,
      "f_max_sample": 0.33333333333333337,
      "f_mean_sample": 0.11002700646124011,
      "fn": 148,
      "fp": 3981,
      "fp_to_fn_ratio": 26.89864864864865,
      "n_samples_with_bus": 30,
      "precision": 0.049653855335402244,
      "recall": 0.5842696629213483,
      "tp": 208
    },
    "tom_hi_mid": {
      "f_aggregate": 0.012698412698412698,
      "f_max_sample": 0.07692307692307691,
      "f_mean_sample": 0.004945054945054944,
      "fn": 107,
      "fp": 204,
      "fp_to_fn_ratio": 1.9065420560747663,
      "n_samples_with_bus": 30,
      "precision": 0.009708737864077669,
      "recall": 0.01834862385321101,
      "tp": 2
    }
  },
  "per_bus_shittykit_val_fixed": {
    "crash_a": {
      "f_aggregate": null,
      "f_max_sample": null,
      "f_mean_sample": null,
      "fn": 2,
      "fp": 124,
      "fp_to_fn_ratio": 62.0,
      "n_samples_with_bus": 0,
      "precision": 0.0,
      "recall": 0.0,
      "tp": 0
    },
    "crash_b_misc": {
      "f_aggregate": 0.0016064257028112448,
      "f_max_sample": 0.15384615384615385,
      "f_mean_sample": 0.15384615384615385,
      "fn": 98,
      "fp": 1145,
      "fp_to_fn_ratio": 11.683673469387756,
      "n_samples_with_bus": 1,
      "precision": 0.0008726003490401396,
      "recall": 0.010101010101010102,
      "tp": 1
    },
    "floor": {
      "f_aggregate": 0.023861720067453625,
      "f_max_sample": 0.2192982456140351,
      "f_mean_sample": 0.05034231676922774,
      "fn": 286,
      "fp": 22868,
      "fp_to_fn_ratio": 79.95804195804196,
      "n_samples_with_bus": 54,
      "precision": 0.012224093991620232,
      "recall": 0.4973637961335677,
      "tp": 283
    },
    "hihat": {
      "f_aggregate": 0.029063900213942596,
      "f_max_sample": 0.17467248908296942,
      "f_mean_sample": 0.05249721824242552,
      "fn": 293,
      "fp": 23760,
      "fp_to_fn_ratio": 81.09215017064847,
      "n_samples_with_bus": 63,
      "precision": 0.014925373134328358,
      "recall": 0.5513016845329249,
      "tp": 360
    },
    "kick": {
      "f_aggregate": 0.04005006257822278,
      "f_max_sample": 0.20118343195266272,
      "f_mean_sample": 0.05679288672951688,
      "fn": 559,
      "fp": 20150,
      "fp_to_fn_ratio": 36.04651162790697,
      "n_samples_with_bus": 87,
      "precision": 0.020989213876202506,
      "recall": 0.43592330978809285,
      "tp": 432
    },
    "ride": {
      "f_aggregate": 0.02299179545888189,
      "f_max_sample": 0.22222222222222224,
      "f_mean_sample": 0.10302202417911017,
      "fn": 297,
      "fp": 20185,
      "fp_to_fn_ratio": 67.96296296296296,
      "n_samples_with_bus": 27,
      "precision": 0.011798687946734554,
      "recall": 0.4479553903345725,
      "tp": 241
    },
    "snare": {
      "f_aggregate": 0.08620441112873,
      "f_max_sample": 0.2903225806451613,