{
  "checkpoint": "artifacts/mini_l3_tcn_loss-B.pt",
  "f_overall_drskit_train_fixed": 0.11372393589693833,
  "f_overall_drskit_train_tuned": 0.046835759374358694,
  "f_overall_shittykit_fixed": 0.08665763381506385,
  "f_overall_shittykit_tuned": 0.04591524538679913,
  "fixed_threshold": 0.1,
  "n_drskit_train_samples_eval": 30,
  "n_shittykit_val_samples": 115,
  "per_bus_drskit_train_fixed": {
    "crash_a": {
      "f_aggregate": null,
      "f_max_sample": null,
      "f_mean_sample": null,
      "fn": 0,
      "fp": 30,
      "fp_to_fn_ratio": null,
      "n_samples_with_bus": 0,
      "precision": 0.0,
      "recall": null,
      "tp": 0
    },
    "crash_b_misc": {
      "f_aggregate": null,
      "f_max_sample": null,
      "f_mean_sample": null,
      "fn": 36,
      "fp": 339,
      "fp_to_fn_ratio": 9.416666666666666,
      "n_samples_with_bus": 0,
      "precision": 0.0,
      "recall": 0.0,
      "tp": 0
    },
    "floor": {
      "f_aggregate": 0.002663115845539281,
      "f_max_sample": 0.03389830508474576,
      "f_mean_sample": 0.03389830508474576,
      "fn": 68,
      "fp": 2928,
      "fp_to_fn_ratio": 43.05882352941177,
      "n_samples_with_bus": 2,
      "precision": 0.001364256480218281,
      "recall": 0.05555555555555555,
      "tp": 4
    },
    "hihat": {
      "f_aggregate": 0.03394255874673629,
      "f_max_sample": 0.23008849557522124,
      "f_mean_sample": 0.13050337085099753,
      "fn": 99,
      "fp": 2121,
      "fp_to_fn_ratio": 21.424242424242426,
      "n_samples_with_bus": 6,
      "precision": 0.018055555555555554,
      "recall": 0.2826086956521739,
      "tp": 39
    },
    "kick": {
      "f_aggregate": 0.02504816955684008,
      "f_max_sample": 0.0909090909090909,
      "f_mean_sample": 0.05766876050412636,
      "fn": 363,
      "fp": 649,
      "fp_to_fn_ratio": 1.7878787878787878,
      "n_samples_with_bus": 12,
      "precision": 0.019637462235649546,
      "recall": 0.034574468085106384,
      "tp": 13
    },
    "ride": {
      "f_aggregate": 0.05352363960749332,
      "f_max_sample": 0.25,
      "f_mean_sample": 0.1319246934695851,
      "fn": 233,
      "fp": 828,
      "fp_to_fn_ratio": 3.5536480686695278,
      "n_samples_with_bus": 10,
      "precision": 0.03496503496503497,
      "recall": 0.11406844106463879,
      "tp": 30
    },
    "snare": {
      "f_aggregate": 0.09454349000540248,
      "f_max_sample": 0.264,
      "f_mean_sample": 0.11123125557986804,
      "fn": 301,
      "fp": 6403,
      "fp_to_fn_ratio": 21.272425249169434,
      "n_samples_with_bus": 26,
      "precision": 0.051828816822153116,
      "recall": 0.5376344086021505,
      "tp": 350
    },
    "tom_hi_mid": {
      "f_aggregate": 0.027070063694267517,
      "f_max_sample": 0.15789473684210525,
      "f_mean_sample": 0.1138252766993737,
      "fn": 176,
      "fp": 1046,
      "fp_to_fn_ratio": 5.943181818181818,
      "n_samples_with_bus": 4,
      "precision": 0.01599247412982126,
      "recall": 0.08808290155440414,
      "tp": 17
    }
  },
  "per_bus_drskit_train_tuned": {
    "crash_a": {
      "f_aggregate": null,
      "f_max_sample": 0.0,
      "f_mean_sample": 0.0,
      "fn": 0,
      "fp": 12,
      "fp_to_fn_ratio": null,
      "n_samples_with_bus": 12,
      "precision": 0.0,
      "recall": null,
      "tp": 0
    },
    "crash_b_misc": {
      "f_aggregate": 0.01694915254237288,
      "f_max_sample": 0.22222222222222224,
      "f_mean_sample": 0.015873015873015876,
      "fn": 12,
      "fp": 220,
      "fp_to_fn_ratio": 18.333333333333332,
      "n_samples_with_bus": 28,
      "precision": 0.009009009009009009,
      "recall": 0.14285714285714285,
      "tp": 2
    },
    "floor": {
      "f_aggregate": 0.00985525100092393,
      "f_max_sample": 0.05,
      "f_mean_sample": 0.004596656105983076,
      "fn": 1,
      "fp": 3214,
      "fp_to_fn_ratio": 3214.0,
      "n_samples_with_bus": 30,
      "precision": 0.004953560371517028,
      "recall": 0.9411764705882353,
      "tp": 16
    },
    "hihat": {
      "f_aggregate": 0.03278688524590164,
      "f_max_sample": 0.5,
      "f_mean_sample": 0.06648427196770738,
      "fn": 36,
      "fp": 2855,
      "fp_to_fn_ratio": 79.30555555555556,
      "n_samples_with_bus": 30,
      "precision": 0.0168732782369146,
      "recall": 0.5764705882352941,
      "tp": 49
    },
    "kick": {
      "f_aggregate": 0.06824146981627296,
      "f_max_sample": 0.15384615384615383,
      "f_mean_sample": 0.062232598067267955,
      "fn": 181,
      "fp": 529,
      "fp_to_fn_ratio": 2.9226519337016574,
      "n_samples_with_bus": 27,
      "precision": 0.04684684684684685,
      "recall": 0.12560386473429952,
      "tp": 26
    },
    "ride": {
      "f_aggregate": 0.08483563096500532,
      "f_max_sample": 0.22222222222222224,
      "f_mean_sample": 0.05859394042834209,
      "fn": 124,
      "fp": 739,
      "fp_to_fn_ratio": 5.959677419354839,
      "n_samples_with_bus": 27,
      "precision": 0.051347881899871634,
      "recall": 0.24390243902439024,
      "tp": 40
    },
    "snare": {
      "f_aggregate": 0.07919366450683946,
      "f_max_sample": 0.32183908045977017,
      "f_mean_sample": 0.09587578644610498,
      "fn": 136,
      "fp": 4980,
      "fp_to_fn_ratio": 36.61764705882353,
      "n_samples_with_bus": 30,
      "precision": 0.04230769230769231,
      "recall": 0.6179775280898876,
      "tp": 220
    },
    "tom_hi_mid": {
      "f_aggregate": 0.05531914893617022,
      "f_max_sample": 0.2247191011235955,
      "f_mean_sample": 0.02637353880480823,
      "fn": 83,
      "fp": 805,
      "fp_to_fn_ratio": 9.698795180722891,
      "n_samples_with_bus": 26,
      "precision": 0.031287605294825514,
      "recall": 0.23853211009174313,
      "tp": 26
    }
  },
  "per_bus_shittykit_val_fixed": {
    "crash_a": {
      "f_aggregate": null,
      "f_max_sample": null,
      "f_mean_sample": null,
      "fn": 2,
      "fp": 115,
      "fp_to_fn_ratio": 57.5,
      "n_samples_with_bus": 0,
      "precision": 0.0,
      "recall": 0.0,
      "tp": 0
    },
    "crash_b_misc": {
      "f_aggregate": 0.0013840830449826991,
      "f_max_sample": 0.15384615384615385,
      "f_mean_sample": 0.15384615384615385,
      "fn": 98,
      "fp": 1345,
      "fp_to_fn_ratio": 13.724489795918368,
      "n_samples_with_bus": 1,
      "precision": 0.0007429420505200594,
      "recall": 0.010101010101010102,
      "tp": 1
    },
    "floor": {
      "f_aggregate": 0.0221530574880996,
      "f_max_sample": 0.24161073825503357,
      "f_mean_sample": 0.06680671600362319,
      "fn": 448,
      "fp": 10234,
      "fp_to_fn_ratio": 22.84375,
      "n_samples_with_bus": 31,
      "precision": 0.011685176243360695,
      "recall": 0.2126537785588752,
      "tp": 121
    },
    "hihat": {
      "f_aggregate": 0.03696857670979667,
      "f_max_sample": 0.22950819672131145,
      "f_mean_sample": 0.07157557669079363,
      "fn": 493,
      "fp": 7843,
      "fp_to_fn_ratio": 15.90872210953347,
      "n_samples_with_bus": 48,
      "precision": 0.019992502811445708,
      "recall": 0.2450229709035222,
      "tp": 160
    },
    "kick": {
      "f_aggregate": 0.016155088852988688,
      "f_max_sample": 0.18749999999999997,
      "f_mean_sample": 0.06790520076257611,
      "fn": 961,
      "fp": 2693,
      "fp_to_fn_ratio": 2.802289281997919,
      "n_samples_with_bus": 24,
      "precision": 0.011017260374586852,
      "recall": 0.030272452068617558,
      "tp": 30
    },
    "ride": {
      "f_aggregate": 0.019485385960529605,
      "f_max_sample": 0.15384615384615385,
      "f_mean_sample": 0.08268254629689667,
      "fn": 499,
      "fp": 3426,
      "fp_to_fn_ratio": 6.865731462925852,
      "n_samples_with_bus": 18,
      "precision": 0.011255411255411256,
      "recall": 0.0724907063197026,
      "tp": 39
    },
    "snare": {
      "f_aggregate": 0.08910145364163592,
      "f_max_sample": 0.2978723404255319,
      "f_mean_sample": 0.09490933050683115,
      "fn": 879,