{
  "checkpoint": "artifacts/mini_l3_tcn_loss-B-planA.pt",
  "f_overall_drskit_train_fixed": 0.11843527085576593,
  "f_overall_drskit_train_tuned": 0.05128990179322098,
  "f_overall_shittykit_fixed": 0.08875928576093654,
  "f_overall_shittykit_tuned": 0.053939702044182025,
  "fixed_threshold": 0.1,
  "n_drskit_train_samples_eval": 30,
  "n_shittykit_val_samples": 115,
  "per_bus_drskit_train_fixed": {
    "crash_a": {
      "f_aggregate": null,
      "f_max_sample": null,
      "f_mean_sample": null,
      "fn": 0,
      "fp": 30,
      "fp_to_fn_ratio": null,
      "n_samples_with_bus": 0,
      "precision": 0.0,
      "recall": null,
      "tp": 0
    },
    "crash_b_misc": {
      "f_aggregate": null,
      "f_max_sample": null,
      "f_mean_sample": null,
      "fn": 36,
      "fp": 65,
      "fp_to_fn_ratio": 1.8055555555555556,
      "n_samples_with_bus": 0,
      "precision": 0.0,
      "recall": 0.0,
      "tp": 0
    },
    "floor": {
      "f_aggregate": 0.004531722054380664,
      "f_max_sample": 0.0594059405940594,
      "f_mean_sample": 0.05911473500291206,
      "fn": 66,
      "fp": 2570,
      "fp_to_fn_ratio": 38.93939393939394,
      "n_samples_with_bus": 2,
      "precision": 0.002329192546583851,
      "recall": 0.08333333333333333,
      "tp": 6
    },
    "hihat": {
      "f_aggregate": 0.02921535893155259,
      "f_max_sample": 0.15384615384615383,
      "f_mean_sample": 0.07383683152866576,
      "fn": 68,
      "fp": 4584,
      "fp_to_fn_ratio": 67.41176470588235,
      "n_samples_with_bus": 10,
      "precision": 0.015040825096691019,
      "recall": 0.5072463768115942,
      "tp": 70
    },
    "kick": {
      "f_aggregate": 0.0282021151586369,
      "f_max_sample": 0.19999999999999998,
      "f_mean_sample": 0.12753768173936242,
      "fn": 364,
      "fp": 463,
      "fp_to_fn_ratio": 1.271978021978022,
      "n_samples_with_bus": 6,
      "precision": 0.02526315789473684,
      "recall": 0.031914893617021274,
      "tp": 12
    },
    "ride": {
      "f_aggregate": 0.015841584158415842,
      "f_max_sample": 0.25,
      "f_mean_sample": 0.14057239057239057,
      "fn": 259,
      "fp": 238,
      "fp_to_fn_ratio": 0.918918918918919,
      "n_samples_with_bus": 3,
      "precision": 0.01652892561983471,
      "recall": 0.015209125475285171,
      "tp": 4
    },
    "snare": {
      "f_aggregate": 0.0962819089900111,
      "f_max_sample": 0.2794759825327511,
      "f_mean_sample": 0.1130386901704811,
      "fn": 304,
      "fp": 6210,
      "fp_to_fn_ratio": 20.42763157894737,
      "n_samples_with_bus": 26,
      "precision": 0.05292054293121855,
      "recall": 0.533026113671275,
      "tp": 347
    },
    "tom_hi_mid": {
      "f_aggregate": 0.020460358056265986,
      "f_max_sample": 0.09090909090909091,
      "f_mean_sample": 0.08116883116883117,
      "fn": 189,
      "fp": 194,
      "fp_to_fn_ratio": 1.0264550264550265,
      "n_samples_with_bus": 2,
      "precision": 0.020202020202020204,
      "recall": 0.02072538860103627,
      "tp": 4
    }
  },
  "per_bus_drskit_train_tuned": {
    "crash_a": {
      "f_aggregate": null,
      "f_max_sample": 0.0,
      "f_mean_sample": 0.0,
      "fn": 0,
      "fp": 21,
      "fp_to_fn_ratio": null,
      "n_samples_with_bus": 21,
      "precision": 0.0,
      "recall": null,
      "tp": 0
    },
    "crash_b_misc": {
      "f_aggregate": 0.04938271604938271,
      "f_max_sample": 0.22222222222222224,
      "f_mean_sample": 0.01646090534979424,
      "fn": 12,
      "fp": 65,
      "fp_to_fn_ratio": 5.416666666666667,
      "n_samples_with_bus": 27,
      "precision": 0.029850746268656716,
      "recall": 0.14285714285714285,
      "tp": 2
    },
    "floor": {
      "f_aggregate": 0.01244296972210701,
      "f_max_sample": 0.058139534883720936,
      "f_mean_sample": 0.0050668490585116,
      "fn": 2,
      "fp": 2379,
      "fp_to_fn_ratio": 1189.5,
      "n_samples_with_bus": 30,
      "precision": 0.006265664160401002,
      "recall": 0.8823529411764706,
      "tp": 15
    },
    "hihat": {
      "f_aggregate": 0.032718412808910545,
      "f_max_sample": 1.0,
      "f_mean_sample": 0.09713250230570984,
      "fn": 38,
      "fp": 2741,
      "fp_to_fn_ratio": 72.13157894736842,
      "n_samples_with_bus": 27,
      "precision": 0.01685796269727403,
      "recall": 0.5529411764705883,
      "tp": 47
    },
    "kick": {
      "f_aggregate": 0.1452513966480447,
      "f_max_sample": 0.273972602739726,
      "f_mean_sample": 0.11133662232455296,
      "fn": 155,
      "fp": 457,
      "fp_to_fn_ratio": 2.9483870967741934,
      "n_samples_with_bus": 30,
      "precision": 0.10216110019646366,
      "recall": 0.25120772946859904,
      "tp": 52
    },
    "ride": {
      "f_aggregate": 0.08797653958944282,
      "f_max_sample": 0.22222222222222218,
      "f_mean_sample": 0.04209995208111969,
      "fn": 134,
      "fp": 488,
      "fp_to_fn_ratio": 3.6417910447761193,
      "n_samples_with_bus": 27,
      "precision": 0.05791505791505792,
      "recall": 0.18292682926829268,
      "tp": 30
    },
    "snare": {
      "f_aggregate": 0.09152915291529153,
      "f_max_sample": 0.33333333333333337,
      "f_mean_sample": 0.11002700646124011,
      "fn": 148,
      "fp": 3981,
      "fp_to_fn_ratio": 26.89864864864865,
      "n_samples_with_bus": 30,
      "precision": 0.049653855335402244,
      "recall": 0.5842696629213483,
      "tp": 208
    },
    "tom_hi_mid": {
      "f_aggregate": 0.012698412698412698,
      "f_max_sample": 0.07692307692307691,
      "f_mean_sample": 0.004945054945054944,
      "fn": 107,
      "fp": 204,
      "fp_to_fn_ratio": 1.9065420560747663,
      "n_samples_with_bus": 30,
      "precision": 0.009708737864077669,
      "recall": 0.01834862385321101,
      "tp": 2
    }
  },
  "per_bus_shittykit_val_fixed": {
    "crash_a": {
      "f_aggregate": null,
      "f_max_sample": null,
      "f_mean_sample": null,
      "fn": 2,
      "fp": 115,
      "fp_to_fn_ratio": 57.5,
      "n_samples_with_bus": 0,
      "precision": 0.0,
      "recall": 0.0,
      "tp": 0
    },
    "crash_b_misc": {
      "f_aggregate": null,
      "f_max_sample": null,
      "f_mean_sample": null,
      "fn": 99,
      "fp": 232,
      "fp_to_fn_ratio": 2.3434343434343434,
      "n_samples_with_bus": 0,
      "precision": 0.0,
      "recall": 0.0,
      "tp": 0
    },
    "floor": {
      "f_aggregate": 0.032888726475424804,
      "f_max_sample": 0.2481751824817518,
      "f_mean_sample": 0.0869849036269319,
      "fn": 389,
      "fp": 10197,
      "fp_to_fn_ratio": 26.213367609254497,
      "n_samples_with_bus": 36,
      "precision": 0.017346053772766695,
      "recall": 0.3163444639718805,
      "tp": 180
    },
    "hihat": {
      "f_aggregate": 0.03199484646768306,
      "f_max_sample": 0.1967213114754098,
      "f_mean_sample": 0.059125982654040045,
      "fn": 355,
      "fp": 17677,
      "fp_to_fn_ratio": 49.7943661971831,
      "n_samples_with_bus": 60,
      "precision": 0.016578581363004174,
      "recall": 0.4563552833078101,
      "tp": 298
    },
    "kick": {
      "f_aggregate": 0.02982601491300746,
      "f_max_sample": 0.21428571428571427,
      "f_mean_sample": 0.09772932063423906,
      "fn": 955,
      "fp": 1387,
      "fp_to_fn_ratio": 1.4523560209424085,
      "n_samples_with_bus": 26,
      "precision": 0.025298664792691498,
      "recall": 0.03632694248234107,
      "tp": 36
    },
    "ride": {
      "f_aggregate": 0.0026298487836949377,
      "f_max_sample": 0.11111111111111112,
      "f_mean_sample": 0.08888888888888889,
      "fn": 536,
      "fp": 981,
      "fp_to_fn_ratio": 1.830223880597015,
      "n_samples_with_bus": 2,
      "precision": 0.002034587995930824,
      "recall": 0.0037174721189591076,
      "tp": 2
    },
    "snare": {
      "f_aggregate": 0.08681013028839116,
      "f_max_sample": 0.29629629629629634,
      "f_mean_sample": 0.09155849737569932,
      "fn": 876,
      "fp": 24076,