{
  "checkpoint": "artifacts/mini_l3_tcn_loss-B-planA.pt",
  "f_overall_drskit_train_fixed": 0.11822104530451516,
  "f_overall_drskit_train_tuned": 0.05439121497241333,
  "f_overall_shittykit_fixed": 0.08997799200277386,
  "f_overall_shittykit_tuned": 0.05339680879415752,
  "fixed_threshold": 0.1,
  "n_drskit_train_samples_eval": 30,
  "n_shittykit_val_samples": 115,
  "per_bus_drskit_train_fixed": {
    "crash_a": {
      "f_aggregate": null,
      "f_max_sample": null,
      "f_mean_sample": null,
      "fn": 0,
      "fp": 30,
      "fp_to_fn_ratio": null,
      "n_samples_with_bus": 0,
      "precision": 0.0,
      "recall": null,
      "tp": 0
    },
    "crash_b_misc": {
      "f_aggregate": null,
      "f_max_sample": null,
      "f_mean_sample": null,
      "fn": 36,
      "fp": 71,
      "fp_to_fn_ratio": 1.9722222222222223,
      "n_samples_with_bus": 0,
      "precision": 0.0,
      "recall": 0.0,
      "tp": 0
    },
    "floor": {
      "f_aggregate": 0.004345936549326379,
      "f_max_sample": 0.061224489795918366,
      "f_mean_sample": 0.05259026687598116,
      "fn": 67,
      "fp": 2224,
      "fp_to_fn_ratio": 33.19402985074627,
      "n_samples_with_bus": 2,
      "precision": 0.0022431583669807087,
      "recall": 0.06944444444444445,
      "tp": 5
    },
    "hihat": {
      "f_aggregate": 0.030916117299386224,
      "f_max_sample": 0.16176470588235292,
      "f_mean_sample": 0.07753437388125885,
      "fn": 70,
      "fp": 4193,
      "fp_to_fn_ratio": 59.9,
      "n_samples_with_bus": 10,
      "precision": 0.01595869514198545,
      "recall": 0.4927536231884058,
      "tp": 68
    },
    "kick": {
      "f_aggregate": 0.03424657534246575,
      "f_max_sample": 0.17647058823529413,
      "f_mean_sample": 0.11770093813387425,
      "fn": 361,
      "fp": 485,
      "fp_to_fn_ratio": 1.3434903047091413,
      "n_samples_with_bus": 8,
      "precision": 0.03,
      "recall": 0.0398936170212766,
      "tp": 15
    },
    "ride": {
      "f_aggregate": 0.014897579143389197,
      "f_max_sample": 0.25,
      "f_mean_sample": 0.14159663865546218,
      "fn": 259,
      "fp": 270,
      "fp_to_fn_ratio": 1.0424710424710424,
      "n_samples_with_bus": 3,
      "precision": 0.014598540145985401,
      "recall": 0.015209125475285171,
      "tp": 4
    },
    "snare": {
      "f_aggregate": 0.0943241020016452,
      "f_max_sample": 0.28444444444444444,
      "f_mean_sample": 0.11141755384523454,
      "fn": 307,
      "fp": 6299,
      "fp_to_fn_ratio": 20.517915309446256,
      "n_samples_with_bus": 26,
      "precision": 0.05178383260575042,
      "recall": 0.5284178187403994,
      "tp": 344
    },
    "tom_hi_mid": {
      "f_aggregate": 0.0202020202020202,
      "f_max_sample": 0.09090909090909091,
      "f_mean_sample": 0.08054226475279107,
      "fn": 189,
      "fp": 199,
      "fp_to_fn_ratio": 1.052910052910053,
      "n_samples_with_bus": 2,
      "precision": 0.019704433497536946,
      "recall": 0.02072538860103627,
      "tp": 4
    }
  },
  "per_bus_drskit_train_tuned": {
    "crash_a": {
      "f_aggregate": null,
      "f_max_sample": 0.0,
      "f_mean_sample": 0.0,
      "fn": 0,
      "fp": 17,
      "fp_to_fn_ratio": null,
      "n_samples_with_bus": 17,
      "precision": 0.0,
      "recall": null,
      "tp": 0
    },
    "crash_b_misc": {
      "f_aggregate": 0.05,
      "f_max_sample": 0.22222222222222224,
      "f_mean_sample": 0.019323671497584544,
      "fn": 12,
      "fp": 64,
      "fp_to_fn_ratio": 5.333333333333333,
      "n_samples_with_bus": 23,
      "precision": 0.030303030303030304,
      "recall": 0.14285714285714285,
      "tp": 2
    },
    "floor": {
      "f_aggregate": 0.014570179698882952,
      "f_max_sample": 0.06097560975609756,
      "f_mean_sample": 0.005281233065899767,
      "fn": 2,
      "fp": 2027,
      "fp_to_fn_ratio": 1013.5,
      "n_samples_with_bus": 30,
      "precision": 0.007345739471106758,
      "recall": 0.8823529411764706,
      "tp": 15
    },
    "hihat": {
      "f_aggregate": 0.03518029903254178,
      "f_max_sample": 0.4,
      "f_mean_sample": 0.08825482326347124,
      "fn": 45,
      "fp": 2149,
      "fp_to_fn_ratio": 47.75555555555555,
      "n_samples_with_bus": 25,
      "precision": 0.01827318410232983,
      "recall": 0.47058823529411764,
      "tp": 40
    },
    "kick": {
      "f_aggregate": 0.13933236574746008,
      "f_max_sample": 0.2857142857142857,
      "f_mean_sample": 0.11133564319278608,
      "fn": 159,
      "fp": 434,
      "fp_to_fn_ratio": 2.729559748427673,
      "n_samples_with_bus": 30,
      "precision": 0.0995850622406639,
      "recall": 0.2318840579710145,
      "tp": 48
    },
    "ride": {
      "f_aggregate": 0.09523809523809525,
      "f_max_sample": 0.21052631578947364,
      "f_mean_sample": 0.050168958559166955,
      "fn": 130,
      "fp": 516,
      "fp_to_fn_ratio": 3.9692307692307693,
      "n_samples_with_bus": 24,
      "precision": 0.06181818181818182,
      "recall": 0.2073170731707317,
      "tp": 34
    },
    "snare": {
      "f_aggregate": 0.09124278972207657,
      "f_max_sample": 0.3597122302158273,
      "f_mean_sample": 0.10831967629295412,
      "fn": 182,
      "fp": 3284,
      "fp_to_fn_ratio": 18.043956043956044,
      "n_samples_with_bus": 30,
      "precision": 0.0503181029496819,
      "recall": 0.4887640449438202,
      "tp": 174
    },
    "tom_hi_mid": {
      "f_aggregate": 0.013289036544850499,
      "f_max_sample": 0.07692307692307693,
      "f_mean_sample": 0.005128205128205128,
      "fn": 107,
      "fp": 190,
      "fp_to_fn_ratio": 1.7757009345794392,
      "n_samples_with_bus": 30,
      "precision": 0.010416666666666666,
      "recall": 0.01834862385321101,
      "tp": 2
    }
  },
  "per_bus_shittykit_val_fixed": {
    "crash_a": {
      "f_aggregate": null,
      "f_max_sample": null,
      "f_mean_sample": null,
      "fn": 2,
      "fp": 115,
      "fp_to_fn_ratio": 57.5,
      "n_samples_with_bus": 0,
      "precision": 0.0,
      "recall": 0.0,
      "tp": 0
    },
    "crash_b_misc": {
      "f_aggregate": null,
      "f_max_sample": null,
      "f_mean_sample": null,
      "fn": 99,
      "fp": 301,
      "fp_to_fn_ratio": 3.04040404040404,
      "n_samples_with_bus": 0,
      "precision": 0.0,
      "recall": 0.0,
      "tp": 0
    },
    "floor": {
      "f_aggregate": 0.032011134307585246,
      "f_max_sample": 0.24193548387096775,
      "f_mean_sample": 0.08588925173071665,
      "fn": 408,
      "fp": 9329,
      "fp_to_fn_ratio": 22.86519607843137,
      "n_samples_with_bus": 34,
      "precision": 0.01696522655426765,
      "recall": 0.28295254833040423,
      "tp": 161
    },
    "hihat": {
      "f_aggregate": 0.03171390013495277,
      "f_max_sample": 0.18181818181818182,
      "f_mean_sample": 0.059300883633107204,
      "fn": 371,
      "fp": 16849,
      "fp_to_fn_ratio": 45.41509433962264,
      "n_samples_with_bus": 58,
      "precision": 0.016461385791839356,
      "recall": 0.4318529862174579,
      "tp": 282
    },
    "kick": {
      "f_aggregate": 0.03218020917135961,
      "f_max_sample": 0.27586206896551724,
      "f_mean_sample": 0.10682443262478038,
      "fn": 951,
      "fp": 1455,
      "fp_to_fn_ratio": 1.5299684542586751,
      "n_samples_with_bus": 26,
      "precision": 0.026755852842809364,
      "recall": 0.04036326942482341,
      "tp": 40
    },
    "ride": {
      "f_aggregate": 0.004932182490752157,
      "f_max_sample": 0.11111111111111112,
      "f_mean_sample": 0.06739165852069079,
      "fn": 534,
      "fp": 1080,
      "fp_to_fn_ratio": 2.0224719101123596,
      "n_samples_with_bus": 4,
      "precision": 0.0036900369003690036,
      "recall": 0.007434944237918215,
      "tp": 4
    },
    "snare": {
      "f_aggregate": 0.08622096905839578,
      "f_max_sample": 0.3,
      "f_mean_sample": 0.09126123062786695,
      "fn": 900,
      "fp": 23730,
      "fp_to_fn_ratio": 26.366666666666667,
      "n_samples_with_bus": 108,