{
  "checkpoint": "artifacts/mini_l3_tcn_c128_B-planA.pt",
  "f_overall_drskit_train_fixed": 0.13732219731746317,
  "f_overall_drskit_train_tuned": 0.06386510453800116,
  "f_overall_shittykit_fixed": 0.12798999948715825,
  "f_overall_shittykit_tuned": 0.05697344168561493,
  "fixed_threshold": 0.2,
  "n_drskit_train_samples_eval": 30,
  "n_shittykit_val_samples": 115,
  "per_bus_drskit_train_fixed": {
    "crash_a": {
      "f_aggregate": null,
      "f_max_sample": null,
      "f_mean_sample": null,
      "fn": 0,
      "fp": 0,
      "fp_to_fn_ratio": null,
      "n_samples_with_bus": 0,
      "precision": null,
      "recall": null,
      "tp": 0
    },
    "crash_b_misc": {
      "f_aggregate": null,
      "f_max_sample": null,
      "f_mean_sample": null,
      "fn": 36,
      "fp": 0,
      "fp_to_fn_ratio": 0.0,
      "n_samples_with_bus": 0,
      "precision": null,
      "recall": 0.0,
      "tp": 0
    },
    "floor": {
      "f_aggregate": null,
      "f_max_sample": null,
      "f_mean_sample": null,
      "fn": 72,
      "fp": 154,
      "fp_to_fn_ratio": 2.138888888888889,
      "n_samples_with_bus": 0,
      "precision": 0.0,
      "recall": 0.0,
      "tp": 0
    },
    "hihat": {
      "f_aggregate": 0.056910569105691054,
      "f_max_sample": 0.19999999999999998,
      "f_mean_sample": 0.16458333333333333,
      "fn": 131,
      "fp": 101,
      "fp_to_fn_ratio": 0.7709923664122137,
      "n_samples_with_bus": 4,
      "precision": 0.06481481481481481,
      "recall": 0.050724637681159424,
      "tp": 7
    },
    "kick": {
      "f_aggregate": 0.008403361344537815,
      "f_max_sample": 0.058823529411764705,
      "f_mean_sample": 0.05798319327731093,
      "fn": 374,
      "fp": 98,
      "fp_to_fn_ratio": 0.2620320855614973,
      "n_samples_with_bus": 2,
      "precision": 0.02,
      "recall": 0.005319148936170213,
      "tp": 2
    },
    "ride": {
      "f_aggregate": null,
      "f_max_sample": null,
      "f_mean_sample": null,
      "fn": 263,
      "fp": 55,
      "fp_to_fn_ratio": 0.20912547528517111,
      "n_samples_with_bus": 0,
      "precision": 0.0,
      "recall": 0.0,
      "tp": 0
    },
    "snare": {
      "f_aggregate": 0.11204759543877044,
      "f_max_sample": 0.33333333333333337,
      "f_mean_sample": 0.1398973721320068,
      "fn": 538,
      "fp": 1253,
      "fp_to_fn_ratio": 2.328996282527881,
      "n_samples_with_bus": 20,
      "precision": 0.08272327964860908,
      "recall": 0.17357910906298002,
      "tp": 113
    },
    "tom_hi_mid": {
      "f_aggregate": 0.014760147601476014,
      "f_max_sample": 0.05,
      "f_mean_sample": 0.044607843137254896,
      "fn": 191,
      "fp": 76,
      "fp_to_fn_ratio": 0.39790575916230364,
      "n_samples_with_bus": 2,
      "precision": 0.02564102564102564,
      "recall": 0.010362694300518135,
      "tp": 2
    }
  },
  "per_bus_drskit_train_tuned": {
    "crash_a": {
      "f_aggregate": null,
      "f_max_sample": 0.0,
      "f_mean_sample": 0.0,
      "fn": 0,
      "fp": 21,
      "fp_to_fn_ratio": null,
      "n_samples_with_bus": 7,
      "precision": 0.0,
      "recall": null,
      "tp": 0
    },
    "crash_b_misc": {
      "f_aggregate": 0.04395604395604396,
      "f_max_sample": 0.2,
      "f_mean_sample": 0.03471074380165289,
      "fn": 12,
      "fp": 75,
      "fp_to_fn_ratio": 6.25,
      "n_samples_with_bus": 11,
      "precision": 0.025974025974025976,
      "recall": 0.14285714285714285,
      "tp": 2
    },
    "floor": {
      "f_aggregate": 0.006389776357827476,
      "f_max_sample": 0.03680981595092025,
      "f_mean_sample": 0.0022449287410509777,
      "fn": 13,
      "fp": 1231,
      "fp_to_fn_ratio": 94.6923076923077,
      "n_samples_with_bus": 22,
      "precision": 0.0032388663967611335,
      "recall": 0.23529411764705882,
      "tp": 4
    },
    "hihat": {
      "f_aggregate": 0.029958677685950414,
      "f_max_sample": 1.0,
      "f_mean_sample": 0.1085387037610258,
      "fn": 56,
      "fp": 1822,
      "fp_to_fn_ratio": 32.535714285714285,
      "n_samples_with_bus": 24,
      "precision": 0.015667206915180983,
      "recall": 0.3411764705882353,
      "tp": 29
    },
    "kick": {
      "f_aggregate": 0.05947955390334572,
      "f_max_sample": 0.1818181818181818,
      "f_mean_sample": 0.06567646366229361,
      "fn": 191,
      "fp": 315,
      "fp_to_fn_ratio": 1.649214659685864,
      "n_samples_with_bus": 26,
      "precision": 0.04833836858006042,
      "recall": 0.07729468599033816,
      "tp": 16
    },
    "ride": {
      "f_aggregate": 0.04,
      "f_max_sample": 0.16216216216216214,
      "f_mean_sample": 0.028664089190404977,
      "fn": 155,
      "fp": 277,
      "fp_to_fn_ratio": 1.7870967741935484,
      "n_samples_with_bus": 24,
      "precision": 0.03146853146853147,
      "recall": 0.054878048780487805,
      "tp": 9
    },
    "snare": {
      "f_aggregate": 0.059675036927621855,
      "f_max_sample": 0.3076923076923077,
      "f_mean_sample": 0.09164266680322079,
      "fn": 255,
      "fp": 2928,
      "fp_to_fn_ratio": 11.48235294117647,
      "n_samples_with_bus": 30,
      "precision": 0.03334433806536811,
      "recall": 0.28370786516853935,
      "tp": 101
    },
    "tom_hi_mid": {
      "f_aggregate": 0.03678929765886287,
      "f_max_sample": 0.1904761904761905,
      "f_mean_sample": 0.018574722379070208,
      "fn": 98,
      "fp": 478,
      "fp_to_fn_ratio": 4.877551020408164,
      "n_samples_with_bus": 23,
      "precision": 0.022494887525562373,
      "recall": 0.10091743119266056,
      "tp": 11
    }
  },
  "per_bus_shittykit_val_fixed": {
    "crash_a": {
      "f_aggregate": null,
      "f_max_sample": null,
      "f_mean_sample": null,
      "fn": 2,
      "fp": 0,
      "fp_to_fn_ratio": 0.0,
      "n_samples_with_bus": 0,
      "precision": null,
      "recall": 0.0,
      "tp": 0
    },
    "crash_b_misc": {
      "f_aggregate": null,
      "f_max_sample": null,
      "f_mean_sample": null,
      "fn": 99,
      "fp": 4,
      "fp_to_fn_ratio": 0.04040404040404041,
      "n_samples_with_bus": 0,
      "precision": 0.0,
      "recall": 0.0,
      "tp": 0
    },
    "floor": {
      "f_aggregate": 0.02613240418118467,
      "f_max_sample": 0.3703703703703703,
      "f_mean_sample": 0.1695611875530759,
      "fn": 554,
      "fp": 564,
      "fp_to_fn_ratio": 1.0180505415162455,
      "n_samples_with_bus": 9,
      "precision": 0.025906735751295335,
      "recall": 0.026362038664323375,
      "tp": 15
    },
    "hihat": {
      "f_aggregate": 0.010695187165775402,
      "f_max_sample": 0.25,
      "f_mean_sample": 0.13674812030075187,
      "fn": 647,
      "fp": 463,
      "fp_to_fn_ratio": 0.7156105100463679,
      "n_samples_with_bus": 6,
      "precision": 0.01279317697228145,
      "recall": 0.009188361408882083,
      "tp": 6
    },
    "kick": {
      "f_aggregate": 0.005657708628005657,
      "f_max_sample": 0.11764705882352941,
      "f_mean_sample": 0.0875204248366013,
      "fn": 987,
      "fp": 419,
      "fp_to_fn_ratio": 0.42451874366767983,
      "n_samples_with_bus": 4,
      "precision": 0.009456264775413711,
      "recall": 0.004036326942482341,
      "tp": 4
    },
    "ride": {
      "f_aggregate": null,
      "f_max_sample": null,
      "f_mean_sample": null,
      "fn": 538,
      "fp": 179,
      "fp_to_fn_ratio": 0.33271375464684017,
      "n_samples_with_bus": 0,
      "precision": 0.0,
      "recall": 0.0,
      "tp": 0
    },
    "snare": {
      "f_aggregate": 0.1102629346904156,
      "f_max_sample": 0.3116883116883117,
      "f_mean_sample": 0.12701817192053189,
      "fn": 1672,
      "fp": 4622,
      "fp_to_fn_ratio": 2.764354066985646,
      "n_samples_with_bus": 89,
      "precision": 0.07781324820430965,
      "recall": 0.18913676042677013,
      "tp": 390
    },
    "tom_hi_mid": {
      "f_aggregate": 0.004836759371221282,
      "f_max_sample": 0.125,
      "f_mean_sample": 0.0821078431372549,
      "fn": 480,
      "fp": 343,