{
  "checkpoint": "artifacts/mini_l3_tcn_loss-H.pt",
  "f_overall_drskit_train_fixed": 0.10313958517320744,
  "f_overall_drskit_train_tuned": 0.056819966299457285,
  "f_overall_shittykit_fixed": 0.07990758131677882,
  "f_overall_shittykit_tuned": 0.05385916411219729,
  "fixed_threshold": 0.15,
  "n_drskit_train_samples_eval": 30,
  "n_shittykit_val_samples": 115,
  "per_bus_drskit_train_fixed": {
    "crash_a": {
      "f_aggregate": null,
      "f_max_sample": null,
      "f_mean_sample": null,
      "fn": 0,
      "fp": 30,
      "fp_to_fn_ratio": null,
      "n_samples_with_bus": 0,
      "precision": 0.0,
      "recall": null,
      "tp": 0
    },
    "crash_b_misc": {
      "f_aggregate": null,
      "f_max_sample": null,
      "f_mean_sample": null,
      "fn": 36,
      "fp": 74,
      "fp_to_fn_ratio": 2.0555555555555554,
      "n_samples_with_bus": 0,
      "precision": 0.0,
      "recall": 0.0,
      "tp": 0
    },
    "floor": {
      "f_aggregate": 0.004255319148936171,
      "f_max_sample": 0.039603960396039604,
      "f_mean_sample": 0.016563959850350852,
      "fn": 58,
      "fp": 6494,
      "fp_to_fn_ratio": 111.96551724137932,
      "n_samples_with_bus": 7,
      "precision": 0.0021511985248924403,
      "recall": 0.19444444444444445,
      "tp": 14
    },
    "hihat": {
      "f_aggregate": 0.024739779755619248,
      "f_max_sample": 0.13617021276595742,
      "f_mean_sample": 0.0659770520688352,
      "fn": 56,
      "fp": 6409,
      "fp_to_fn_ratio": 114.44642857142857,
      "n_samples_with_bus": 10,
      "precision": 0.012632876290248035,
      "recall": 0.5942028985507246,
      "tp": 82
    },
    "kick": {
      "f_aggregate": 0.032388663967611336,
      "f_max_sample": 0.12903225806451613,
      "f_mean_sample": 0.06392119546729971,
      "fn": 356,
      "fp": 839,
      "fp_to_fn_ratio": 2.356741573033708,
      "n_samples_with_bus": 13,
      "precision": 0.023282887077997673,
      "recall": 0.05319148936170213,
      "tp": 20
    },
    "ride": {
      "f_aggregate": 0.05291359678499665,
      "f_max_sample": 0.17475728155339806,
      "f_mean_sample": 0.11117394022526793,
      "fn": 184,
      "fp": 2644,
      "fp_to_fn_ratio": 14.369565217391305,
      "n_samples_with_bus": 13,
      "precision": 0.029012118986412046,
      "recall": 0.30038022813688214,
      "tp": 79
    },
    "snare": {
      "f_aggregate": 0.094969061070756,
      "f_max_sample": 0.26612903225806456,
      "f_mean_sample": 0.11128597923920489,
      "fn": 298,
      "fp": 6430,
      "fp_to_fn_ratio": 21.57718120805369,
      "n_samples_with_bus": 26,
      "precision": 0.05204186937933068,
      "recall": 0.5422427035330261,
      "tp": 353
    },
    "tom_hi_mid": {
      "f_aggregate": 0.029925187032418952,
      "f_max_sample": 0.13793103448275862,
      "f_mean_sample": 0.10114942528735633,
      "fn": 181,
      "fp": 597,
      "fp_to_fn_ratio": 3.298342541436464,
      "n_samples_with_bus": 4,
      "precision": 0.019704433497536946,
      "recall": 0.06217616580310881,
      "tp": 12
    }
  },
  "per_bus_drskit_train_tuned": {
    "crash_a": {
      "f_aggregate": null,
      "f_max_sample": 0.0,
      "f_mean_sample": 0.0,
      "fn": 0,
      "fp": 274,
      "fp_to_fn_ratio": null,
      "n_samples_with_bus": 12,
      "precision": 0.0,
      "recall": null,
      "tp": 0
    },
    "crash_b_misc": {
      "f_aggregate": 0.007476635514018692,
      "f_max_sample": 0.25,
      "f_mean_sample": 0.0225,
      "fn": 12,
      "fp": 519,
      "fp_to_fn_ratio": 43.25,
      "n_samples_with_bus": 20,
      "precision": 0.003838771593090211,
      "recall": 0.14285714285714285,
      "tp": 2
    },
    "floor": {
      "f_aggregate": 0.006846188954815153,
      "f_max_sample": 0.05917159763313609,
      "f_mean_sample": 0.004907620080321623,
      "fn": 2,
      "fp": 4350,
      "fp_to_fn_ratio": 2175.0,
      "n_samples_with_bus": 30,
      "precision": 0.003436426116838488,
      "recall": 0.8823529411764706,
      "tp": 15
    },
    "hihat": {
      "f_aggregate": 0.02472453641494222,
      "f_max_sample": 0.6666666666666666,
      "f_mean_sample": 0.05626027232599186,
      "fn": 39,
      "fp": 3590,
      "fp_to_fn_ratio": 92.05128205128206,
      "n_samples_with_bus": 30,
      "precision": 0.012651265126512651,
      "recall": 0.5411764705882353,
      "tp": 46
    },
    "kick": {
      "f_aggregate": 0.05069444444444445,
      "f_max_sample": 0.2105263157894737,
      "f_mean_sample": 0.07325341681484379,
      "fn": 134,
      "fp": 2600,
      "fp_to_fn_ratio": 19.402985074626866,
      "n_samples_with_bus": 30,
      "precision": 0.027310138421249533,
      "recall": 0.3526570048309179,
      "tp": 73
    },
    "ride": {
      "f_aggregate": 0.052419354838709686,
      "f_max_sample": 0.26415094339622647,
      "f_mean_sample": 0.05500079951690453,
      "fn": 73,
      "fp": 3217,
      "fp_to_fn_ratio": 44.06849315068493,
      "n_samples_with_bus": 30,
      "precision": 0.02750906892382104,
      "recall": 0.5548780487804879,
      "tp": 91
    },
    "snare": {
      "f_aggregate": 0.08756497401039585,
      "f_max_sample": 0.3111111111111111,
      "f_mean_sample": 0.12158277821071509,
      "fn": 137,
      "fp": 4427,
      "fp_to_fn_ratio": 32.31386861313869,
      "n_samples_with_bus": 30,
      "precision": 0.047137322427894965,
      "recall": 0.6151685393258427,
      "tp": 219
    },
    "tom_hi_mid": {
      "f_aggregate": 0.06786761625471302,
      "f_max_sample": 0.2872340425531915,
      "f_mean_sample": 0.04131192052115738,
      "fn": 28,
      "fp": 2197,
      "fp_to_fn_ratio": 78.46428571428571,
      "n_samples_with_bus": 22,
      "precision": 0.03555750658472344,
      "recall": 0.7431192660550459,
      "tp": 81
    }
  },
  "per_bus_shittykit_val_fixed": {
    "crash_a": {
      "f_aggregate": null,
      "f_max_sample": null,
      "f_mean_sample": null,
      "fn": 2,
      "fp": 115,
      "fp_to_fn_ratio": 57.5,
      "n_samples_with_bus": 0,
      "precision": 0.0,
      "recall": 0.0,
      "tp": 0
    },
    "crash_b_misc": {
      "f_aggregate": null,
      "f_max_sample": null,
      "f_mean_sample": null,
      "fn": 99,
      "fp": 316,
      "fp_to_fn_ratio": 3.191919191919192,
      "n_samples_with_bus": 0,
      "precision": 0.0,
      "recall": 0.0,
      "tp": 0
    },
    "floor": {
      "f_aggregate": 0.0230361484197521,
      "f_max_sample": 0.21008403361344538,
      "f_mean_sample": 0.04946220269684629,
      "fn": 280,
      "fp": 24233,
      "fp_to_fn_ratio": 86.54642857142858,
      "n_samples_with_bus": 53,
      "precision": 0.011785335616996982,
      "recall": 0.507908611599297,
      "tp": 289
    },
    "hihat": {
      "f_aggregate": 0.026849170834430114,
      "f_max_sample": 0.17355371900826447,
      "f_mean_sample": 0.048181370021730195,
      "fn": 296,
      "fp": 25583,
      "fp_to_fn_ratio": 86.42905405405405,
      "n_samples_with_bus": 63,
      "precision": 0.013762528912875868,
      "recall": 0.5467075038284839,
      "tp": 357
    },
    "kick": {
      "f_aggregate": 0.02248803827751196,
      "f_max_sample": 0.1951219512195122,
      "f_mean_sample": 0.07026794928704945,
      "fn": 944,
      "fp": 3142,
      "fp_to_fn_ratio": 3.3283898305084745,
      "n_samples_with_bus": 30,
      "precision": 0.01473816243336469,
      "recall": 0.04742684157416751,
      "tp": 47
    },
    "ride": {
      "f_aggregate": 0.02430741733690795,
      "f_max_sample": 0.19607843137254904,
      "f_mean_sample": 0.10184643387236783,
      "fn": 402,
      "fp": 10516,
      "fp_to_fn_ratio": 26.1592039800995,
      "n_samples_with_bus": 23,
      "precision": 0.012767555388659407,
      "recall": 0.2527881040892193,
      "tp": 136
    },
    "snare": {
      "f_aggregate": 0.08590730103681227,
      "f_max_sample": 0.3045267489711934,
      "f_mean_sample": 0.0903404703077025,
      "fn": 873,
      "fp": 24430,
      "fp_to_fn_ratio": 27.983963344788087,